-- phpMyAdmin SQL Dump
-- version 4.4.15.7
-- http://www.phpmyadmin.net
--
-- Хост: 127.0.0.1:3306
-- Время создания: Июл 02 2017 г., 19:03
-- Версия сервера: 5.5.50
-- Версия PHP: 5.6.23

SET SQL_MODE = "NO_AUTO_VALUE_ON_ZERO";
SET time_zone = "+00:00";


/*!40101 SET @OLD_CHARACTER_SET_CLIENT=@@CHARACTER_SET_CLIENT */;
/*!40101 SET @OLD_CHARACTER_SET_RESULTS=@@CHARACTER_SET_RESULTS */;
/*!40101 SET @OLD_COLLATION_CONNECTION=@@COLLATION_CONNECTION */;
/*!40101 SET NAMES utf8mb4 */;

--
-- База данных: `js`
--

-- --------------------------------------------------------

--
-- Структура таблицы `skill`
--

CREATE TABLE IF NOT EXISTS `skill` (
  `id` int(11) NOT NULL,
  `statistics_id` int(11) DEFAULT NULL,
  `name` varchar(255) DEFAULT NULL,
  `cluster` int(11) DEFAULT NULL,
  `radius` double NOT NULL
) ENGINE=InnoDB AUTO_INCREMENT=570 DEFAULT CHARSET=utf8;

--
-- Дамп данных таблицы `skill`
--

INSERT INTO `skill` (`id`, `statistics_id`, `name`, `cluster`, `radius`) VALUES
(129, 8, 'Programming', 10, 1),
(130, 8, 'Statistics', 10, 1),
(131, 8, 'SQL', 1, 1),
(132, 8, 'PerformanceTesting', 10, 1),
(133, 8, 'DataAnalysis', 10, 1),
(134, 8, 'Visio', 10, 1),
(135, 8, 'Security', 10, 1),
(136, 8, 'C++', 10, 1),
(137, 8, 'Analyst', 2, 1),
(138, 8, 'Administrator', 10, 1),
(139, 8, 'ProjectManagement', 1, 1),
(140, 8, 'Analytic', 10, 1),
(141, 8, 'Excel', 1, 1),
(142, 8, 'Reporting', 2, 1),
(143, 8, 'Development', 10, 1),
(144, 8, 'GO', 10, 1),
(145, 8, 'MsOffice', 10, 1),
(146, 8, 'VBA', 10, 1),
(147, 8, 'Modeling', 10, 1),
(148, 8, 'Design', 1, 1),
(149, 8, 'Database', 2, 1),
(150, 8, 'Finance', 10, 1),
(151, 8, 'Analysis', 2, 1),
(152, 8, 'Developer', 10, 1),
(153, 8, 'Python', 10, 1),
(154, 8, 'SAS', 10, 1),
(155, 8, 'RiskManagement', 10, 1),
(156, 8, 'Monitoring', 10, 1),
(157, 1, 'Myriel', 1, 1),
(158, 1, 'Napoleon', 1, 1),
(159, 1, 'Mlle.Baptistine', 1, 1),
(160, 1, 'Mme.Magloire', 1, 1),
(161, 1, 'CountessdeLo', 1, 1),
(162, 1, 'Geborand', 1, 1),
(163, 1, 'Champtercier', 1, 1),
(164, 1, 'Cravatte', 1, 1),
(165, 1, 'Count', 1, 1),
(166, 1, 'OldMan', 1, 1),
(167, 1, 'Labarre', 2, 1),
(168, 1, 'Valjean', 2, 1),
(169, 1, 'Marguerite', 3, 1),
(170, 1, 'Mme.deR', 2, 1),
(171, 1, 'Isabeau', 2, 1),
(172, 1, 'Gervais', 2, 1),
(173, 1, 'Tholomyes', 3, 1),
(174, 1, 'Listolier', 3, 1),
(175, 1, 'Fameuil', 3, 1),
(176, 1, 'Blacheville', 3, 1),
(177, 1, 'Favourite', 3, 1),
(178, 1, 'Dahlia', 3, 1),
(179, 1, 'Zephine', 3, 1),
(180, 1, 'Fantine', 3, 1),
(181, 1, 'Mme.Thenardier', 4, 1),
(182, 1, 'Thenardier', 4, 1),
(183, 1, 'Cosette', 5, 1),
(184, 1, 'Javert', 4, 1),
(185, 1, 'Fauchelevent', 6, 1),
(186, 1, 'Bamatabois', 2, 1),
(187, 1, 'Perpetue', 3, 1),
(188, 1, 'Simplice', 2, 1),
(189, 1, 'Scaufflaire', 2, 1),
(190, 1, 'Woman1', 2, 1),
(191, 1, 'Judge', 2, 1),
(192, 1, 'Champmathieu', 2, 1),
(193, 1, 'Brevet', 2, 1),
(194, 1, 'Chenildieu', 2, 1),
(195, 1, 'Cochepaille', 2, 1),
(196, 1, 'Pontmercy', 4, 1),
(197, 1, 'Boulatruelle', 6, 1),
(198, 1, 'Eponine', 4, 1),
(199, 1, 'Anzelma', 4, 1),
(200, 1, 'Woman2', 5, 1),
(201, 1, 'MotherInnocent', 6, 1),
(202, 1, 'Gribier', 6, 1),
(203, 1, 'Jondrette', 7, 1),
(204, 1, 'Mme.Burgon', 7, 1),
(205, 1, 'Gavroche', 8, 1),
(206, 1, 'Gillenormand', 5, 1),
(207, 1, 'Magnon', 5, 1),
(208, 1, 'Mlle.Gillenormand', 5, 1),
(209, 1, 'Mme.Pontmercy', 5, 1),
(210, 1, 'Mlle.Vaubois', 5, 1),
(211, 1, 'Lt.Gillenormand', 5, 1),
(212, 1, 'Marius', 8, 1),
(213, 1, 'BaronessT', 5, 1),
(214, 1, 'Mabeuf', 8, 1),
(215, 1, 'Enjolras', 8, 1),
(216, 1, 'Combeferre', 8, 1),
(217, 1, 'Prouvaire', 8, 1),
(218, 1, 'Feuilly', 8, 1),
(219, 1, 'Courfeyrac', 8, 1),
(220, 1, 'Bahorel', 8, 1),
(221, 1, 'Bossuet', 8, 1),
(222, 1, 'Joly', 8, 1),
(223, 1, 'Grantaire', 8, 1),
(224, 1, 'MotherPlutarch', 9, 1),
(225, 1, 'Gueulemer', 4, 1),
(226, 1, 'Babet', 4, 1),
(227, 1, 'Claquesous', 4, 1),
(228, 1, 'Montparnasse', 4, 1),
(229, 1, 'Toussaint', 5, 1),
(230, 1, 'Child1', 10, 1),
(231, 1, 'Child2', 10, 1),
(232, 1, 'Brujon', 4, 1),
(233, 1, 'Mme.Hucheloup', 8, 1),
(262, 10, 'Programming', 0, 1),
(263, 10, 'Statistics', 0, 1),
(264, 10, 'SQL', 1, 1),
(265, 10, 'PerformanceTesting', 0, 1),
(266, 10, 'DataAnalysis', 0, 1),
(267, 10, 'Visio', 0, 1),
(268, 10, 'Security', 0, 1),
(269, 10, 'C++', 0, 1),
(270, 10, 'Analyst', 2, 1),
(271, 10, 'Administrator', 0, 1),
(272, 10, 'ProjectManagement', 1, 1),
(273, 10, 'Analytic', 0, 1),
(274, 10, 'Excel', 1, 1),
(275, 10, 'Reporting', 2, 1),
(276, 10, 'Development', 0, 1),
(277, 10, 'GO', 0, 1),
(278, 10, 'MsOffice', 0, 1),
(279, 10, 'VBA', 0, 1),
(280, 10, 'Modeling', 0, 1),
(281, 10, 'Design', 1, 1),
(282, 10, 'Database', 2, 1),
(283, 10, 'Finance', 0, 1),
(284, 10, 'Analysis', 2, 1),
(285, 10, 'Developer', 0, 1),
(286, 10, 'Python', 0, 1),
(287, 10, 'SAS', 0, 1),
(288, 10, 'RiskManagement', 0, 1),
(289, 10, 'Monitoring', 0, 1),
(290, 11, 'Programming', 0, 1),
(291, 11, 'Statistics', 0, 1),
(292, 11, 'SQL', 1, 1),
(293, 11, 'PerformanceTesting', 0, 1),
(294, 11, 'DataAnalysis', 0, 1),
(295, 11, 'Visio', 0, 1),
(296, 11, 'Security', 0, 1),
(297, 11, 'C++', 0, 1),
(298, 11, 'Analyst', 2, 1),
(299, 11, 'Administrator', 0, 1),
(300, 11, 'ProjectManagement', 1, 1),
(301, 11, 'Analytic', 0, 1),
(302, 11, 'Excel', 1, 1),
(303, 11, 'Reporting', 2, 1),
(304, 11, 'Development', 0, 1),
(305, 11, 'GO', 0, 1),
(306, 11, 'MsOffice', 0, 1),
(307, 11, 'VBA', 0, 1),
(308, 11, 'Modeling', 0, 1),
(309, 11, 'Design', 1, 1),
(310, 11, 'Database', 2, 1),
(311, 11, 'Finance', 0, 1),
(312, 11, 'Analysis', 2, 1),
(313, 11, 'Developer', 0, 1),
(314, 11, 'Python', 0, 1),
(315, 11, 'SAS', 0, 1),
(316, 11, 'RiskManagement', 0, 1),
(317, 11, 'Monitoring', 0, 1),
(346, 13, 'Programming', 0, 1),
(347, 13, 'Statistics', 0, 1),
(348, 13, 'SQL', 1, 1),
(349, 13, 'PerformanceTesting', 0, 1),
(350, 13, 'DataAnalysis', 0, 1),
(351, 13, 'Visio', 0, 1),
(352, 13, 'Security', 0, 1),
(353, 13, 'C++', 0, 1),
(354, 13, 'Analyst', 2, 1),
(355, 13, 'Administrator', 0, 1),
(356, 13, 'ProjectManagement', 1, 1),
(357, 13, 'Analytic', 0, 1),
(358, 13, 'Excel', 1, 2),
(359, 13, 'Reporting', 2, 1),
(360, 13, 'Development', 0, 1),
(361, 13, 'GO', 0, 1),
(362, 13, 'MsOffice', 0, 1),
(363, 13, 'VBA', 0, 1),
(364, 13, 'Modeling', 0, 1),
(365, 13, 'Design', 1, 1),
(366, 13, 'Database', 2, 1.6),
(367, 13, 'Finance', 0, 1),
(368, 13, 'Analysis', 2, 1.2),
(369, 13, 'Developer', 0, 1),
(370, 13, 'Python', 0, 1),
(371, 13, 'SAS', 0, 1),
(372, 13, 'RiskManagement', 0, 1),
(373, 13, 'Monitoring', 0, 1),
(374, 14, 'Programming', 0, 1),
(375, 14, 'Statistics', 0, 1),
(376, 14, 'SQL', 1, 1),
(377, 14, 'PerformanceTesting', 0, 1),
(378, 14, 'DataAnalysis', 0, 1),
(379, 14, 'Visio', 0, 1),
(380, 14, 'Security', 0, 1),
(381, 14, 'C++', 0, 1),
(382, 14, 'Analyst', 2, 1),
(383, 14, 'Administrator', 0, 1),
(384, 14, 'ProjectManagement', 1, 1),
(385, 14, 'Analytic', 0, 1),
(386, 14, 'Excel', 1, 1),
(387, 14, 'Reporting', 2, 1),
(388, 14, 'Development', 0, 1),
(389, 14, 'GO', 0, 1),
(390, 14, 'MsOffice', 0, 1),
(391, 14, 'VBA', 0, 1),
(392, 14, 'Modeling', 0, 1),
(393, 14, 'Design', 1, 1),
(394, 14, 'Database', 2, 1),
(395, 14, 'Finance', 0, 1),
(396, 14, 'Analysis', 2, 1),
(397, 14, 'Developer', 0, 1),
(398, 14, 'Python', 0, 1),
(399, 14, 'SAS', 0, 1),
(400, 14, 'RiskManagement', 0, 1),
(401, 14, 'Monitoring', 0, 1),
(402, 15, 'Programming', 0, 1),
(403, 15, 'Statistics', 0, 1),
(404, 15, 'SQL', 1, 1),
(405, 15, 'PerformanceTesting', 0, 1),
(406, 15, 'DataAnalysis', 0, 1),
(407, 15, 'Visio', 0, 1),
(408, 15, 'Security', 0, 1),
(409, 15, 'C++', 0, 1),
(410, 15, 'Analyst', 2, 1),
(411, 15, 'Administrator', 0, 1),
(412, 15, 'ProjectManagement', 1, 1),
(413, 15, 'Analytic', 0, 1),
(414, 15, 'Excel', 1, 1),
(415, 15, 'Reporting', 2, 1),
(416, 15, 'Development', 0, 1),
(417, 15, 'GO', 0, 1),
(418, 15, 'MsOffice', 0, 1),
(419, 15, 'VBA', 0, 1),
(420, 15, 'Modeling', 0, 1),
(421, 15, 'Design', 1, 1),
(422, 15, 'Database', 2, 1),
(423, 15, 'Finance', 0, 1),
(424, 15, 'Analysis', 2, 1),
(425, 15, 'Developer', 0, 1),
(426, 15, 'Python', 0, 1),
(427, 15, 'SAS', 0, 1),
(428, 15, 'RiskManagement', 0, 1),
(429, 15, 'Monitoring', 0, 1),
(430, 16, 'Programming', 0, 1),
(431, 16, 'Statistics', 0, 1),
(432, 16, 'SQL', 1, 1),
(433, 16, 'PerformanceTesting', 0, 1),
(434, 16, 'DataAnalysis', 0, 1),
(435, 16, 'Visio', 0, 1),
(436, 16, 'Security', 0, 1),
(437, 16, 'C++', 0, 1),
(438, 16, 'Analyst', 2, 1),
(439, 16, 'Administrator', 0, 1),
(440, 16, 'ProjectManagement', 1, 1),
(441, 16, 'Analytic', 0, 1),
(442, 16, 'Excel', 1, 1),
(443, 16, 'Reporting', 2, 1),
(444, 16, 'Development', 0, 1),
(445, 16, 'GO', 0, 1),
(446, 16, 'MsOffice', 0, 1),
(447, 16, 'VBA', 0, 1),
(448, 16, 'Modeling', 0, 1),
(449, 16, 'Design', 1, 1),
(450, 16, 'Database', 2, 1),
(451, 16, 'Finance', 0, 1),
(452, 16, 'Analysis', 2, 1),
(453, 16, 'Developer', 0, 1),
(454, 16, 'Python', 0, 1),
(455, 16, 'SAS', 0, 1),
(456, 16, 'RiskManagement', 0, 1),
(457, 16, 'Monitoring', 0, 1),
(458, 17, 'Programming', 0, 1),
(459, 17, 'Statistics', 0, 1),
(460, 17, 'SQL', 1, 1),
(461, 17, 'PerformanceTesting', 0, 1),
(462, 17, 'DataAnalysis', 0, 1),
(463, 17, 'Visio', 0, 1),
(464, 17, 'Security', 0, 1),
(465, 17, 'C++', 0, 1),
(466, 17, 'Analyst', 2, 1),
(467, 17, 'Administrator', 0, 1),
(468, 17, 'ProjectManagement', 1, 1),
(469, 17, 'Analytic', 0, 1),
(470, 17, 'Excel', 1, 1),
(471, 17, 'Reporting', 2, 1),
(472, 17, 'Development', 0, 1),
(473, 17, 'GO', 0, 1),
(474, 17, 'MsOffice', 0, 1),
(475, 17, 'VBA', 0, 1),
(476, 17, 'Modeling', 0, 1),
(477, 17, 'Design', 1, 1),
(478, 17, 'Database', 2, 1),
(479, 17, 'Finance', 0, 1),
(480, 17, 'Analysis', 2, 1),
(481, 17, 'Developer', 0, 1),
(482, 17, 'Python', 0, 1),
(483, 17, 'SAS', 0, 1),
(484, 17, 'RiskManagement', 0, 1),
(485, 17, 'Monitoring', 0, 1),
(486, 18, 'Programming', 0, 1),
(487, 18, 'Statistics', 0, 1),
(488, 18, 'SQL', 1, 1),
(489, 18, 'PerformanceTesting', 0, 1),
(490, 18, 'DataAnalysis', 0, 1),
(491, 18, 'Visio', 0, 1),
(492, 18, 'Security', 0, 1),
(493, 18, 'C++', 0, 1),
(494, 18, 'Analyst', 2, 1),
(495, 18, 'Administrator', 0, 1),
(496, 18, 'ProjectManagement', 1, 1),
(497, 18, 'Analytic', 0, 1),
(498, 18, 'Excel', 1, 1),
(499, 18, 'Reporting', 2, 1),
(500, 18, 'Development', 0, 1),
(501, 18, 'GO', 0, 1),
(502, 18, 'MsOffice', 0, 1),
(503, 18, 'VBA', 0, 1),
(504, 18, 'Modeling', 0, 1),
(505, 18, 'Design', 1, 1),
(506, 18, 'Database', 2, 1),
(507, 18, 'Finance', 0, 1),
(508, 18, 'Analysis', 2, 1),
(509, 18, 'Developer', 0, 1),
(510, 18, 'Python', 0, 1),
(511, 18, 'SAS', 0, 1),
(512, 18, 'RiskManagement', 0, 1),
(513, 18, 'Monitoring', 0, 1),
(514, 19, 'Programming', 0, 1),
(515, 19, 'Statistics', 0, 1),
(516, 19, 'SQL', 1, 1),
(517, 19, 'PerformanceTesting', 0, 1),
(518, 19, 'DataAnalysis', 0, 1),
(519, 19, 'Visio', 0, 1),
(520, 19, 'Security', 0, 1),
(521, 19, 'C++', 0, 1),
(522, 19, 'Analyst', 2, 1),
(523, 19, 'Administrator', 0, 1),
(524, 19, 'ProjectManagement', 1, 1),
(525, 19, 'Analytic', 0, 1),
(526, 19, 'Excel', 1, 1),
(527, 19, 'Reporting', 2, 1),
(528, 19, 'Development', 0, 1),
(529, 19, 'GO', 0, 1),
(530, 19, 'MsOffice', 0, 1),
(531, 19, 'VBA', 0, 1),
(532, 19, 'Modeling', 0, 1),
(533, 19, 'Design', 1, 1),
(534, 19, 'Database', 2, 1),
(535, 19, 'Finance', 0, 1),
(536, 19, 'Analysis', 2, 1),
(537, 19, 'Developer', 0, 1),
(538, 19, 'Python', 0, 1),
(539, 19, 'SAS', 0, 1),
(540, 19, 'RiskManagement', 0, 1),
(541, 19, 'Monitoring', 0, 1),
(542, 20, 'Programming', 0, 1),
(543, 20, 'Statistics', 0, 1),
(544, 20, 'SQL', 1, 1),
(545, 20, 'PerformanceTesting', 0, 1),
(546, 20, 'DataAnalysis', 0, 1),
(547, 20, 'Visio', 0, 1),
(548, 20, 'Security', 0, 1),
(549, 20, 'C++', 0, 1),
(550, 20, 'Analyst', 2, 1),
(551, 20, 'Administrator', 0, 1),
(552, 20, 'ProjectManagement', 1, 1),
(553, 20, 'Analytic', 0, 1),
(554, 20, 'Excel', 1, 1),
(555, 20, 'Reporting', 2, 1),
(556, 20, 'Development', 0, 1),
(557, 20, 'GO', 0, 1),
(558, 20, 'MsOffice', 0, 1),
(559, 20, 'VBA', 0, 1),
(560, 20, 'Modeling', 0, 1),
(561, 20, 'Design', 1, 1),
(562, 20, 'Database', 2, 1),
(563, 20, 'Finance', 0, 1),
(564, 20, 'Analysis', 2, 1),
(565, 20, 'Developer', 0, 1),
(566, 20, 'Python', 0, 1),
(567, 20, 'SAS', 0, 1),
(568, 20, 'RiskManagement', 0, 1),
(569, 20, 'Monitoring', 0, 1);

-- --------------------------------------------------------

--
-- Структура таблицы `skill_connection`
--

CREATE TABLE IF NOT EXISTS `skill_connection` (
  `id` int(11) NOT NULL,
  `statistics_id` int(11) DEFAULT NULL,
  `skill1_id` int(11) DEFAULT NULL,
  `skill2_id` int(11) DEFAULT NULL,
  `strength` double NOT NULL
) ENGINE=InnoDB AUTO_INCREMENT=1629 DEFAULT CHARSET=utf8;

--
-- Дамп данных таблицы `skill_connection`
--

INSERT INTO `skill_connection` (`id`, `statistics_id`, `skill1_id`, `skill2_id`, `strength`) VALUES
(477, 8, 129, 130, 0.001),
(478, 8, 131, 132, 0.001),
(479, 8, 133, 134, 0.001),
(480, 8, 135, 136, 0.001),
(481, 8, 137, 138, 0.001),
(482, 8, 139, 138, 0.001),
(483, 8, 140, 135, 0.001),
(484, 8, 141, 142, 0.001),
(485, 8, 143, 131, 0.001),
(486, 8, 144, 145, 0.001),
(487, 8, 141, 145, 0.001),
(488, 8, 131, 137, 0.001),
(489, 8, 141, 146, 0.001),
(490, 8, 131, 139, 0.001),
(491, 8, 129, 147, 0.001),
(492, 8, 148, 133, 0.001),
(493, 8, 142, 144, 0.001),
(494, 8, 144, 139, 0.001),
(495, 8, 143, 147, 0.001),
(496, 8, 143, 141, 0.001),
(497, 8, 131, 142, 0.001),
(498, 8, 140, 149, 0.001),
(499, 8, 150, 136, 0.001),
(500, 8, 151, 148, 0.001),
(501, 8, 137, 144, 0.001),
(502, 8, 152, 132, 0.001),
(503, 8, 153, 147, 0.001),
(504, 8, 137, 147, 0.001),
(505, 8, 131, 145, 0.001),
(506, 8, 141, 137, 0.001),
(507, 8, 154, 148, 0.001),
(508, 8, 151, 136, 0.001),
(509, 8, 141, 139, 0.001),
(510, 8, 130, 153, 0.001),
(511, 8, 151, 134, 0.001),
(512, 8, 142, 138, 0.001),
(513, 8, 143, 152, 0.001),
(514, 8, 137, 130, 0.001),
(515, 8, 148, 149, 0.001),
(516, 8, 140, 151, 0.001),
(517, 8, 141, 132, 0.001),
(518, 8, 145, 138, 0.001),
(519, 8, 137, 152, 0.001),
(520, 8, 143, 130, 0.001),
(521, 8, 139, 152, 0.001),
(522, 8, 140, 150, 0.001),
(523, 8, 149, 136, 0.001),
(524, 8, 150, 135, 0.001),
(525, 8, 144, 138, 0.001),
(526, 8, 151, 135, 0.001),
(527, 8, 131, 152, 0.001),
(528, 8, 141, 138, 0.001),
(529, 8, 142, 139, 0.001),
(530, 8, 143, 129, 0.001),
(531, 8, 155, 150, 0.001),
(532, 8, 131, 144, 0.001),
(533, 8, 137, 142, 0.001),
(534, 8, 151, 133, 0.001),
(535, 8, 156, 155, 0.001),
(536, 8, 139, 145, 0.001),
(537, 8, 129, 153, 0.001),
(538, 8, 151, 155, 0.001),
(539, 8, 129, 137, 0.001),
(540, 8, 149, 135, 0.001),
(541, 8, 137, 145, 0.001),
(542, 8, 141, 131, 0.001),
(543, 8, 137, 146, 0.001),
(544, 8, 151, 156, 0.001),
(545, 8, 143, 139, 0.001),
(546, 8, 141, 144, 0.001),
(547, 8, 154, 151, 0.001),
(548, 8, 143, 153, 0.001),
(549, 8, 151, 150, 0.001),
(550, 8, 142, 145, 0.001),
(551, 8, 143, 137, 0.001),
(552, 8, 142, 146, 0.001),
(553, 8, 137, 139, 0.001),
(554, 8, 156, 150, 0.001),
(555, 8, 137, 153, 0.001),
(556, 8, 154, 149, 0.001),
(557, 8, 143, 132, 0.001),
(558, 8, 140, 136, 0.001),
(559, 8, 130, 147, 0.001),
(560, 8, 149, 150, 0.001),
(561, 8, 148, 134, 0.001),
(562, 8, 139, 132, 0.001),
(563, 8, 137, 132, 0.001),
(564, 8, 151, 149, 0.001),
(565, 8, 141, 152, 0.001),
(566, 8, 131, 138, 0.001),
(567, 8, 130, 135, 0.001),
(568, 8, 154, 131, 0.001),
(569, 8, 148, 145, 0.001),
(570, 8, 141, 133, 0.001),
(571, 8, 141, 155, 0.001),
(572, 8, 142, 148, 0.001),
(573, 8, 149, 138, 0.001),
(574, 8, 129, 136, 0.001),
(575, 8, 131, 151, 0.001),
(576, 8, 154, 138, 0.001),
(577, 8, 133, 152, 0.001),
(578, 8, 129, 140, 0.001),
(579, 8, 135, 147, 0.001),
(580, 8, 140, 142, 0.001),
(581, 8, 131, 149, 0.001),
(582, 8, 151, 138, 0.001),
(583, 8, 148, 132, 0.001),
(584, 8, 140, 153, 0.001),
(585, 8, 144, 149, 0.001),
(586, 8, 139, 134, 0.001),
(587, 8, 137, 140, 0.001),
(588, 8, 137, 134, 0.001),
(589, 8, 151, 130, 0.001),
(590, 8, 143, 140, 0.001),
(591, 8, 143, 134, 0.001),
(592, 8, 130, 150, 0.001),
(593, 8, 149, 147, 0.001),
(594, 8, 141, 149, 0.001),
(595, 8, 151, 152, 0.001),
(596, 8, 141, 156, 0.001),
(597, 8, 143, 136, 0.001),
(598, 8, 137, 148, 0.001),
(599, 8, 141, 154, 0.001),
(600, 8, 151, 144, 0.001),
(601, 8, 148, 139, 0.001),
(602, 8, 141, 150, 0.001),
(603, 8, 130, 149, 0.001),
(604, 8, 150, 147, 0.001),
(605, 8, 131, 133, 0.001),
(606, 8, 134, 132, 0.001),
(607, 8, 137, 136, 0.001),
(608, 8, 143, 148, 0.001),
(609, 8, 136, 153, 0.001),
(610, 8, 141, 151, 0.001),
(611, 8, 154, 144, 0.001),
(612, 8, 151, 147, 0.001),
(613, 8, 150, 146, 0.001),
(614, 8, 137, 133, 0.001),
(615, 8, 151, 142, 0.001),
(616, 8, 156, 146, 0.001),
(617, 8, 133, 139, 0.001),
(618, 8, 129, 150, 0.001),
(619, 8, 131, 148, 0.001),
(620, 8, 154, 145, 0.001),
(621, 8, 142, 150, 0.001),
(622, 8, 143, 133, 0.001),
(623, 8, 151, 146, 0.001),
(624, 8, 151, 145, 0.001),
(625, 8, 142, 156, 0.001),
(626, 8, 137, 155, 0.001),
(627, 8, 129, 151, 0.001),
(628, 8, 154, 142, 0.001),
(629, 8, 131, 134, 0.001),
(630, 8, 133, 132, 0.001),
(631, 8, 142, 149, 0.001),
(632, 8, 143, 135, 0.001),
(633, 8, 148, 138, 0.001),
(634, 8, 149, 145, 0.001),
(635, 8, 129, 149, 0.001),
(636, 8, 137, 135, 0.001),
(637, 8, 135, 153, 0.001),
(638, 8, 141, 134, 0.001),
(639, 8, 143, 149, 0.001),
(640, 8, 130, 136, 0.001),
(641, 8, 148, 152, 0.001),
(642, 8, 140, 147, 0.001),
(643, 8, 129, 135, 0.001),
(644, 8, 137, 149, 0.001),
(645, 8, 151, 132, 0.001),
(646, 8, 149, 153, 0.001),
(647, 8, 149, 139, 0.001),
(648, 8, 154, 139, 0.001),
(649, 8, 134, 152, 0.001),
(650, 8, 137, 150, 0.001),
(651, 8, 143, 151, 0.001),
(652, 8, 150, 153, 0.001),
(653, 8, 142, 155, 0.001),
(654, 8, 137, 156, 0.001),
(655, 8, 141, 148, 0.001),
(656, 8, 154, 137, 0.001),
(657, 8, 143, 150, 0.001),
(658, 8, 151, 153, 0.001),
(659, 8, 137, 151, 0.001),
(660, 8, 148, 144, 0.001),
(661, 8, 155, 146, 0.001),
(662, 8, 136, 147, 0.001),
(663, 8, 151, 139, 0.001),
(664, 8, 140, 130, 0.001),
(919, 1, 158, 157, 0.001),
(920, 1, 159, 157, 0.001),
(921, 1, 160, 157, 0.001),
(922, 1, 160, 159, 0.001),
(923, 1, 161, 157, 0.001),
(924, 1, 162, 157, 0.001),
(925, 1, 163, 157, 0.001),
(926, 1, 164, 157, 0.001),
(927, 1, 165, 157, 0.001),
(928, 1, 166, 157, 0.001),
(929, 1, 168, 167, 0.001),
(930, 1, 168, 160, 0.001),
(931, 1, 168, 159, 0.001),
(932, 1, 168, 157, 0.001),
(933, 1, 169, 168, 0.001),
(934, 1, 170, 168, 0.001),
(935, 1, 171, 168, 0.001),
(936, 1, 172, 168, 0.001),
(937, 1, 174, 173, 0.001),
(938, 1, 175, 173, 0.001),
(939, 1, 175, 174, 0.001),
(940, 1, 176, 173, 0.001),
(941, 1, 176, 174, 0.001),
(942, 1, 176, 175, 0.001),
(943, 1, 177, 173, 0.001),
(944, 1, 177, 174, 0.001),
(945, 1, 177, 175, 0.001),
(946, 1, 177, 176, 0.001),
(947, 1, 178, 173, 0.001),
(948, 1, 178, 174, 0.001),
(949, 1, 178, 175, 0.001),
(950, 1, 178, 176, 0.001),
(951, 1, 178, 177, 0.001),
(952, 1, 179, 173, 0.001),
(953, 1, 179, 174, 0.001),
(954, 1, 179, 175, 0.001),
(955, 1, 179, 176, 0.001),
(956, 1, 179, 177, 0.001),
(957, 1, 179, 178, 0.001),
(958, 1, 180, 173, 0.001),
(959, 1, 180, 174, 0.001),
(960, 1, 180, 175, 0.001),
(961, 1, 180, 176, 0.001),
(962, 1, 180, 177, 0.001),
(963, 1, 180, 178, 0.001),
(964, 1, 180, 179, 0.001),
(965, 1, 180, 169, 0.001),
(966, 1, 180, 168, 0.001),
(967, 1, 181, 180, 0.001),
(968, 1, 181, 168, 0.001),
(969, 1, 182, 181, 0.001),
(970, 1, 182, 180, 0.001),
(971, 1, 182, 168, 0.001),
(972, 1, 183, 181, 0.001),
(973, 1, 183, 168, 0.001),
(974, 1, 183, 173, 0.001),
(975, 1, 183, 182, 0.001),
(976, 1, 184, 168, 0.001),
(977, 1, 184, 180, 0.001),
(978, 1, 184, 182, 0.001),
(979, 1, 184, 181, 0.001),
(980, 1, 184, 183, 0.001),
(981, 1, 185, 168, 0.001),
(982, 1, 185, 184, 0.001),
(983, 1, 186, 180, 0.001),
(984, 1, 186, 184, 0.001),
(985, 1, 186, 168, 0.001),
(986, 1, 187, 180, 0.001),
(987, 1, 188, 187, 0.001),
(988, 1, 188, 168, 0.001),
(989, 1, 188, 180, 0.001),
(990, 1, 188, 184, 0.001),
(991, 1, 189, 168, 0.001),
(992, 1, 190, 168, 0.001),
(993, 1, 190, 184, 0.001),
(994, 1, 191, 168, 0.001),
(995, 1, 191, 186, 0.001),
(996, 1, 192, 168, 0.001),
(997, 1, 192, 191, 0.001),
(998, 1, 192, 186, 0.001),
(999, 1, 193, 191, 0.001),
(1000, 1, 193, 192, 0.001),
(1001, 1, 193, 168, 0.001),
(1002, 1, 193, 186, 0.001),
(1003, 1, 194, 191, 0.001),
(1004, 1, 194, 192, 0.001),
(1005, 1, 194, 193, 0.001),
(1006, 1, 194, 168, 0.001),
(1007, 1, 194, 186, 0.001),
(1008, 1, 195, 191, 0.001),
(1009, 1, 195, 192, 0.001),
(1010, 1, 195, 193, 0.001),
(1011, 1, 195, 194, 0.001),
(1012, 1, 195, 168, 0.001),
(1013, 1, 195, 186, 0.001),
(1014, 1, 196, 182, 0.001),
(1015, 1, 197, 182, 0.001),
(1016, 1, 198, 181, 0.001),
(1017, 1, 198, 182, 0.001),
(1018, 1, 199, 198, 0.001),
(1019, 1, 199, 182, 0.001),
(1020, 1, 199, 181, 0.001),
(1021, 1, 200, 168, 0.001),
(1022, 1, 200, 183, 0.001),
(1023, 1, 200, 184, 0.001),
(1024, 1, 201, 185, 0.001),
(1025, 1, 201, 168, 0.001),
(1026, 1, 202, 185, 0.001),
(1027, 1, 204, 203, 0.001),
(1028, 1, 205, 204, 0.001),
(1029, 1, 205, 182, 0.001),
(1030, 1, 205, 184, 0.001),
(1031, 1, 205, 168, 0.001),
(1032, 1, 206, 183, 0.001),
(1033, 1, 206, 168, 0.001),
(1034, 1, 207, 206, 0.001),
(1035, 1, 207, 181, 0.001),
(1036, 1, 208, 206, 0.001),
(1037, 1, 208, 183, 0.001),
(1038, 1, 208, 168, 0.001),
(1039, 1, 209, 208, 0.001),
(1040, 1, 209, 196, 0.001),
(1041, 1, 210, 208, 0.001),
(1042, 1, 211, 208, 0.001),
(1043, 1, 211, 206, 0.001),
(1044, 1, 211, 183, 0.001),
(1045, 1, 212, 208, 0.001),
(1046, 1, 212, 206, 0.001),
(1047, 1, 212, 196, 0.001),
(1048, 1, 212, 211, 0.001),
(1049, 1, 212, 183, 0.001),
(1050, 1, 212, 168, 0.001),
(1051, 1, 212, 173, 0.001),
(1052, 1, 212, 182, 0.001),
(1053, 1, 212, 198, 0.001),
(1054, 1, 212, 205, 0.001),
(1055, 1, 213, 206, 0.001),
(1056, 1, 213, 212, 0.001),
(1057, 1, 214, 212, 0.001),
(1058, 1, 214, 198, 0.001),
(1059, 1, 214, 205, 0.001),
(1060, 1, 215, 212, 0.001),
(1061, 1, 215, 205, 0.001),
(1062, 1, 215, 184, 0.001),
(1063, 1, 215, 214, 0.001),
(1064, 1, 215, 168, 0.001),
(1065, 1, 216, 215, 0.001),
(1066, 1, 216, 212, 0.001),
(1067, 1, 216, 205, 0.001),
(1068, 1, 216, 214, 0.001),
(1069, 1, 217, 205, 0.001),
(1070, 1, 217, 215, 0.001),
(1071, 1, 217, 216, 0.001),
(1072, 1, 218, 205, 0.001),
(1073, 1, 218, 215, 0.001),
(1074, 1, 218, 217, 0.001),
(1075, 1, 218, 216, 0.001),
(1076, 1, 218, 214, 0.001),
(1077, 1, 218, 212, 0.001),
(1078, 1, 219, 212, 0.001),
(1079, 1, 219, 215, 0.001),
(1080, 1, 219, 216, 0.001),
(1081, 1, 219, 205, 0.001),
(1082, 1, 219, 214, 0.001),
(1083, 1, 219, 198, 0.001),
(1084, 1, 219, 218, 0.001),
(1085, 1, 219, 217, 0.001),
(1086, 1, 220, 216, 0.001),
(1087, 1, 220, 205, 0.001),
(1088, 1, 220, 219, 0.001),
(1089, 1, 220, 214, 0.001),
(1090, 1, 220, 215, 0.001),
(1091, 1, 220, 218, 0.001),
(1092, 1, 220, 217, 0.001),
(1093, 1, 220, 212, 0.001),
(1094, 1, 221, 212, 0.001),
(1095, 1, 221, 219, 0.001),
(1096, 1, 221, 205, 0.001),
(1097, 1, 221, 220, 0.001),
(1098, 1, 221, 215, 0.001),
(1099, 1, 221, 218, 0.001),
(1100, 1, 221, 217, 0.001),
(1101, 1, 221, 216, 0.001),
(1102, 1, 221, 214, 0.001),
(1103, 1, 221, 168, 0.001),
(1104, 1, 222, 220, 0.001),
(1105, 1, 222, 221, 0.001),
(1106, 1, 222, 205, 0.001),
(1107, 1, 222, 219, 0.001),
(1108, 1, 222, 215, 0.001),
(1109, 1, 222, 218, 0.001),
(1110, 1, 222, 217, 0.001),
(1111, 1, 222, 216, 0.001),
(1112, 1, 222, 214, 0.001),
(1113, 1, 222, 212, 0.001),
(1114, 1, 223, 221, 0.001),
(1115, 1, 223, 215, 0.001),
(1116, 1, 223, 216, 0.001),
(1117, 1, 223, 219, 0.001),
(1118, 1, 223, 222, 0.001),
(1119, 1, 223, 205, 0.001),
(1120, 1, 223, 220, 0.001),
(1121, 1, 223, 218, 0.001),
(1122, 1, 223, 217, 0.001),
(1123, 1, 224, 214, 0.001),
(1124, 1, 225, 182, 0.001),
(1125, 1, 225, 168, 0.001),
(1126, 1, 225, 181, 0.001),
(1127, 1, 225, 184, 0.001),
(1128, 1, 225, 205, 0.001),
(1129, 1, 225, 198, 0.001),
(1130, 1, 226, 182, 0.001),
(1131, 1, 226, 225, 0.001),
(1132, 1, 226, 168, 0.001),
(1133, 1, 226, 181, 0.001),
(1134, 1, 226, 184, 0.001),
(1135, 1, 226, 205, 0.001),
(1136, 1, 226, 198, 0.001),
(1137, 1, 227, 182, 0.001),
(1138, 1, 227, 226, 0.001),
(1139, 1, 227, 225, 0.001),
(1140, 1, 227, 168, 0.001),
(1141, 1, 227, 181, 0.001),
(1142, 1, 227, 184, 0.001),
(1143, 1, 227, 198, 0.001),
(1144, 1, 227, 215, 0.001),
(1145, 1, 228, 184, 0.001),
(1146, 1, 228, 226, 0.001),
(1147, 1, 228, 225, 0.001),
(1148, 1, 228, 227, 0.001),
(1149, 1, 228, 168, 0.001),
(1150, 1, 228, 205, 0.001),
(1151, 1, 228, 198, 0.001),
(1152, 1, 228, 182, 0.001),
(1153, 1, 229, 183, 0.001),
(1154, 1, 229, 184, 0.001),
(1155, 1, 229, 168, 0.001),
(1156, 1, 230, 205, 0.001),
(1157, 1, 231, 205, 0.001),
(1158, 1, 231, 230, 0.001),
(1159, 1, 232, 226, 0.001),
(1160, 1, 232, 225, 0.001),
(1161, 1, 232, 182, 0.001),
(1162, 1, 232, 205, 0.001),
(1163, 1, 232, 198, 0.001),
(1164, 1, 232, 227, 0.001),
(1165, 1, 232, 228, 0.001),
(1166, 1, 233, 221, 0.001),
(1167, 1, 233, 222, 0.001),
(1168, 1, 233, 223, 0.001),
(1169, 1, 233, 220, 0.001),
(1170, 1, 233, 219, 0.001),
(1171, 1, 233, 205, 0.001),
(1172, 1, 233, 215, 0.001),
(1361, 10, 262, 263, 0.001),
(1362, 10, 264, 265, 0.001),
(1363, 10, 266, 267, 0.001),
(1364, 10, 268, 269, 0.001),
(1365, 10, 270, 271, 0.001),
(1366, 10, 272, 271, 0.001),
(1367, 10, 273, 268, 0.001),
(1368, 10, 274, 275, 0.001),
(1369, 10, 276, 264, 0.001),
(1370, 10, 277, 278, 0.001),
(1371, 10, 274, 278, 0.001),
(1372, 10, 264, 270, 0.001),
(1373, 10, 274, 279, 0.001),
(1374, 10, 264, 272, 0.001),
(1375, 10, 262, 280, 0.001),
(1376, 10, 281, 266, 0.001),
(1377, 10, 275, 277, 0.001),
(1378, 10, 277, 272, 0.001),
(1379, 10, 276, 280, 0.001),
(1380, 10, 276, 274, 0.001),
(1381, 10, 264, 275, 0.001),
(1382, 10, 273, 282, 0.001),
(1383, 10, 283, 269, 0.001),
(1384, 10, 284, 281, 0.001),
(1385, 10, 270, 277, 0.001),
(1386, 10, 285, 265, 0.001),
(1387, 10, 286, 280, 0.001),
(1388, 10, 270, 280, 0.001),
(1389, 10, 264, 278, 0.001),
(1390, 10, 274, 270, 0.001),
(1391, 10, 287, 281, 0.001),
(1392, 10, 284, 269, 0.001),
(1393, 10, 274, 272, 0.001),
(1394, 10, 263, 286, 0.001),
(1395, 10, 284, 267, 0.001),
(1396, 10, 275, 271, 0.001),
(1397, 10, 276, 285, 0.001),
(1398, 10, 270, 263, 0.001),
(1399, 10, 281, 282, 0.001),
(1400, 10, 273, 284, 0.001),
(1401, 10, 274, 265, 0.001),
(1402, 10, 278, 271, 0.001),
(1403, 10, 270, 285, 0.001),
(1404, 10, 276, 263, 0.001),
(1405, 10, 272, 285, 0.001),
(1406, 10, 273, 283, 0.001),
(1407, 10, 282, 269, 0.001),
(1408, 10, 283, 268, 0.001),
(1409, 10, 277, 271, 0.001),
(1410, 10, 284, 268, 0.001),
(1411, 10, 264, 285, 0.001),
(1412, 10, 274, 271, 0.001),
(1413, 10, 275, 272, 0.001),
(1414, 10, 276, 262, 0.001),
(1415, 10, 288, 283, 0.001),
(1416, 10, 264, 277, 0.001),
(1417, 10, 270, 275, 0.001),
(1418, 10, 284, 266, 0.001),
(1419, 10, 289, 288, 0.001),
(1420, 10, 272, 278, 0.001),
(1421, 10, 262, 286, 0.001),
(1422, 10, 284, 288, 0.001),
(1423, 10, 262, 270, 0.001),
(1424, 10, 282, 268, 0.001),
(1425, 10, 270, 278, 0.001),
(1426, 10, 274, 264, 0.001),
(1427, 10, 270, 279, 0.001),
(1428, 10, 284, 289, 0.001),
(1429, 10, 276, 272, 0.001),
(1430, 10, 274, 277, 0.001),
(1431, 10, 287, 284, 0.001),
(1432, 10, 276, 286, 0.001),
(1433, 10, 284, 283, 0.001),
(1434, 10, 275, 278, 0.001),
(1435, 10, 276, 270, 0.001),
(1436, 10, 275, 279, 0.001),
(1437, 10, 270, 272, 0.001),
(1438, 10, 289, 283, 0.001),
(1439, 10, 270, 286, 0.001),
(1440, 10, 287, 282, 0.001),
(1441, 10, 276, 265, 0.001),
(1442, 10, 273, 269, 0.001),
(1443, 10, 263, 280, 0.001),
(1444, 10, 282, 283, 0.001),
(1445, 10, 281, 267, 0.001),
(1446, 10, 272, 265, 0.001),
(1447, 10, 270, 265, 0.001),
(1448, 10, 284, 282, 0.001),
(1449, 10, 274, 285, 0.001),
(1450, 10, 264, 271, 0.001),
(1451, 10, 263, 268, 0.001),
(1452, 10, 287, 264, 0.001),
(1453, 10, 281, 278, 0.001),
(1454, 10, 274, 266, 0.001),
(1455, 10, 274, 288, 0.001),
(1456, 10, 275, 281, 0.001),
(1457, 10, 282, 271, 0.001),
(1458, 10, 262, 269, 0.001),
(1459, 10, 264, 284, 0.001),
(1460, 10, 287, 271, 0.001),
(1461, 10, 266, 285, 0.001),
(1462, 10, 262, 273, 0.001),
(1463, 10, 268, 280, 0.001),
(1464, 10, 273, 275, 0.001),
(1465, 10, 264, 282, 0.001),
(1466, 10, 284, 271, 0.001),
(1467, 10, 281, 265, 0.001),
(1468, 10, 273, 286, 0.001),
(1469, 10, 277, 282, 0.001),
(1470, 10, 272, 267, 0.001),
(1471, 10, 270, 273, 0.001),
(1472, 10, 270, 267, 0.001),
(1473, 10, 284, 263, 0.001),
(1474, 10, 276, 273, 0.001),
(1475, 10, 276, 267, 0.001),
(1476, 10, 263, 283, 0.001),
(1477, 10, 282, 280, 0.001),
(1478, 10, 274, 282, 0.001),
(1479, 10, 284, 285, 0.001),
(1480, 10, 274, 289, 0.001),
(1481, 10, 276, 269, 0.001),
(1482, 10, 270, 281, 0.001),
(1483, 10, 274, 287, 0.001),
(1484, 10, 284, 277, 0.001),
(1485, 10, 281, 272, 0.001),
(1486, 10, 274, 283, 0.001),
(1487, 10, 263, 282, 0.001),
(1488, 10, 283, 280, 0.001),
(1489, 10, 264, 266, 0.001),
(1490, 10, 267, 265, 0.001),
(1491, 10, 270, 269, 0.001),
(1492, 10, 276, 281, 0.001),
(1493, 10, 269, 286, 0.001),
(1494, 10, 274, 284, 0.001),
(1495, 10, 287, 277, 0.001),
(1496, 10, 284, 280, 0.001),
(1497, 10, 283, 279, 0.001),
(1498, 10, 270, 266, 0.001),
(1499, 10, 284, 275, 0.001),
(1500, 10, 289, 279, 0.001),
(1501, 10, 266, 272, 0.001),
(1502, 10, 262, 283, 0.001),
(1503, 10, 264, 281, 0.001),
(1504, 10, 287, 278, 0.001),
(1505, 10, 275, 283, 0.001),
(1506, 10, 276, 266, 0.001),
(1507, 10, 284, 279, 0.001),
(1508, 10, 284, 278, 0.001),
(1509, 10, 275, 289, 0.001),
(1510, 10, 270, 288, 0.001),
(1511, 10, 262, 284, 0.001),
(1512, 10, 287, 275, 0.001),
(1513, 10, 264, 267, 0.001),
(1514, 10, 266, 265, 0.001),
(1515, 10, 275, 282, 0.001),
(1516, 10, 276, 268, 0.001),
(1517, 10, 281, 271, 0.001),
(1518, 10, 282, 278, 0.001),
(1519, 10, 262, 282, 0.001),
(1520, 10, 270, 268, 0.001),
(1521, 10, 268, 286, 0.001),
(1522, 10, 274, 267, 0.001),
(1523, 10, 276, 282, 0.001),
(1524, 10, 263, 269, 0.001),
(1525, 10, 281, 285, 0.001),
(1526, 10, 273, 280, 0.001),
(1527, 10, 262, 268, 0.001),
(1528, 10, 270, 282, 0.001),
(1529, 10, 284, 265, 0.001),
(1530, 10, 282, 286, 0.001),
(1531, 10, 282, 272, 0.001),
(1532, 10, 287, 272, 0.001),
(1533, 10, 267, 285, 0.001),
(1534, 10, 270, 283, 0.001),
(1535, 10, 276, 284, 0.001),
(1536, 10, 283, 286, 0.001),
(1537, 10, 275, 288, 0.001),
(1538, 10, 270, 289, 0.001),
(1539, 10, 274, 281, 0.001),
(1540, 10, 287, 270, 0.001),
(1541, 10, 276, 283, 0.001),
(1542, 10, 284, 286, 0.001),
(1543, 10, 270, 284, 0.001),
(1544, 10, 281, 277, 0.001),
(1545, 10, 288, 279, 0.001),
(1546, 10, 269, 280, 0.001),
(1547, 10, 284, 272, 0.001),
(1548, 10, 273, 263, 0.001),
(1549, 11, 292, 300, 0.001),
(1550, 11, 302, 300, 0.001),
(1551, 11, 298, 303, 0.001),
(1552, 11, 312, 310, 0.001),
(1553, 11, 309, 300, 0.001),
(1554, 11, 302, 312, 0.001),
(1555, 11, 298, 310, 0.001),
(1556, 11, 312, 300, 0.001),
(1565, 13, 348, 356, 0.00462963),
(1566, 13, 358, 356, 0.011111111),
(1567, 13, 354, 359, 0.000136),
(1568, 13, 368, 366, 0.000581),
(1569, 13, 365, 356, 0.005208333),
(1570, 13, 358, 368, 0.001132075),
(1571, 13, 354, 366, 0.000314),
(1572, 13, 368, 356, 0.001257862),
(1573, 14, 376, 384, 0.00462963),
(1574, 14, 386, 384, 0.011111111),
(1575, 14, 382, 387, 0.000136),
(1576, 14, 396, 394, 0.000581),
(1577, 14, 393, 384, 0.005208333),
(1578, 14, 386, 396, 0.001132075),
(1579, 14, 382, 394, 0.000314),
(1580, 14, 396, 384, 0.001257862),
(1581, 15, 404, 412, 0.00462963),
(1582, 15, 414, 412, 0.011111111),
(1583, 15, 410, 415, 0.000136),
(1584, 15, 424, 422, 0.000581),
(1585, 15, 421, 412, 0.005208333),
(1586, 15, 414, 424, 0.001132075),
(1587, 15, 410, 422, 0.000314),
(1588, 15, 424, 412, 0.001257862),
(1589, 16, 432, 440, 0.00462963),
(1590, 16, 442, 440, 0.011111111),
(1591, 16, 438, 443, 0.000136),
(1592, 16, 452, 450, 0.000581),
(1593, 16, 449, 440, 0.005208333),
(1594, 16, 442, 452, 0.001132075),
(1595, 16, 438, 450, 0.000314),
(1596, 16, 452, 440, 0.001257862),
(1597, 17, 460, 468, 0.00462963),
(1598, 17, 470, 468, 0.011111111),
(1599, 17, 466, 471, 0.000136),
(1600, 17, 480, 478, 0.000581),
(1601, 17, 477, 468, 0.005208333),
(1602, 17, 470, 480, 0.001132075),
(1603, 17, 466, 478, 0.000314),
(1604, 17, 480, 468, 0.001257862),
(1605, 18, 488, 496, 0.00462963),
(1606, 18, 498, 496, 0.011111111),
(1607, 18, 494, 499, 0.000136),
(1608, 18, 508, 506, 0.000581),
(1609, 18, 505, 496, 0.005208333),
(1610, 18, 498, 508, 0.001132075),
(1611, 18, 494, 506, 0.000314),
(1612, 18, 508, 496, 0.001257862),
(1613, 19, 516, 524, 0.00462963),
(1614, 19, 526, 524, 0.011111111),
(1615, 19, 522, 527, 0.000136),
(1616, 19, 536, 534, 0.000581),
(1617, 19, 533, 524, 0.005208333),
(1618, 19, 526, 536, 0.001132075),
(1619, 19, 522, 534, 0.000314),
(1620, 19, 536, 524, 0.001257862),
(1621, 20, 544, 552, 0.00462963),
(1622, 20, 554, 552, 0.011111111),
(1623, 20, 550, 555, 0.000136),
(1624, 20, 564, 562, 0.000581),
(1625, 20, 561, 552, 0.005208333),
(1626, 20, 554, 564, 0.001132075),
(1627, 20, 550, 562, 0.000314),
(1628, 20, 564, 552, 0.001257862);

-- --------------------------------------------------------

--
-- Структура таблицы `statistics`
--

CREATE TABLE IF NOT EXISTS `statistics` (
  `id` int(11) NOT NULL,
  `from_date` date DEFAULT NULL,
  `to_date` date NOT NULL,
  `enabled` int(255) DEFAULT NULL
) ENGINE=InnoDB AUTO_INCREMENT=21 DEFAULT CHARSET=utf8;

--
-- Дамп данных таблицы `statistics`
--

INSERT INTO `statistics` (`id`, `from_date`, `to_date`, `enabled`) VALUES
(1, '2017-06-01', '2017-06-01', 1),
(8, '2017-11-01', '2017-11-01', 1),
(10, '2016-08-01', '2016-08-01', 1),
(11, '2017-07-01', '2017-07-01', 1),
(13, '2017-01-01', '2017-01-01', 1),
(14, '2017-02-01', '2017-02-01', 1),
(15, '2017-03-01', '2017-03-01', 1),
(16, '2017-04-01', '2017-04-01', 1),
(17, '2017-05-01', '2017-05-01', 1),
(18, '2017-09-01', '2017-09-01', 1),
(19, '2017-10-01', '2017-10-01', 1),
(20, '2017-12-01', '2017-12-01', 1);

--
-- Индексы сохранённых таблиц
--

--
-- Индексы таблицы `skill`
--
ALTER TABLE `skill`
  ADD PRIMARY KEY (`id`),
  ADD KEY `statistics_id` (`statistics_id`);

--
-- Индексы таблицы `skill_connection`
--
ALTER TABLE `skill_connection`
  ADD PRIMARY KEY (`id`),
  ADD KEY `skill1_id` (`skill1_id`),
  ADD KEY `skill2_id` (`skill2_id`),
  ADD KEY `statistics_id` (`statistics_id`);

--
-- Индексы таблицы `statistics`
--
ALTER TABLE `statistics`
  ADD PRIMARY KEY (`id`);

--
-- AUTO_INCREMENT для сохранённых таблиц
--

--
-- AUTO_INCREMENT для таблицы `skill`
--
ALTER TABLE `skill`
  MODIFY `id` int(11) NOT NULL AUTO_INCREMENT,AUTO_INCREMENT=570;
--
-- AUTO_INCREMENT для таблицы `skill_connection`
--
ALTER TABLE `skill_connection`
  MODIFY `id` int(11) NOT NULL AUTO_INCREMENT,AUTO_INCREMENT=1629;
--
-- AUTO_INCREMENT для таблицы `statistics`
--
ALTER TABLE `statistics`
  MODIFY `id` int(11) NOT NULL AUTO_INCREMENT,AUTO_INCREMENT=21;
--
-- Ограничения внешнего ключа сохраненных таблиц
--

--
-- Ограничения внешнего ключа таблицы `skill`
--
ALTER TABLE `skill`
  ADD CONSTRAINT `skill_ibfk_1` FOREIGN KEY (`statistics_id`) REFERENCES `statistics` (`id`) ON DELETE CASCADE ON UPDATE CASCADE;

--
-- Ограничения внешнего ключа таблицы `skill_connection`
--
ALTER TABLE `skill_connection`
  ADD CONSTRAINT `skill_connection_ibfk_1` FOREIGN KEY (`skill1_id`) REFERENCES `skill` (`id`) ON DELETE CASCADE ON UPDATE CASCADE,
  ADD CONSTRAINT `skill_connection_ibfk_2` FOREIGN KEY (`skill2_id`) REFERENCES `skill` (`id`) ON DELETE CASCADE ON UPDATE CASCADE,
  ADD CONSTRAINT `skill_connection_ibfk_3` FOREIGN KEY (`statistics_id`) REFERENCES `statistics` (`id`) ON DELETE CASCADE ON UPDATE CASCADE;

/*!40101 SET CHARACTER_SET_CLIENT=@OLD_CHARACTER_SET_CLIENT */;
/*!40101 SET CHARACTER_SET_RESULTS=@OLD_CHARACTER_SET_RESULTS */;
/*!40101 SET COLLATION_CONNECTION=@OLD_COLLATION_CONNECTION */;
