-- phpMyAdmin SQL Dump
-- version 4.4.15.7
-- http://www.phpmyadmin.net
--
-- Хост: 127.0.0.1:3306
-- Время создания: Июл 19 2017 г., 11:50
-- Версия сервера: 5.5.50
-- Версия PHP: 5.6.23

SET SQL_MODE = "NO_AUTO_VALUE_ON_ZERO";
SET time_zone = "+00:00";


/*!40101 SET @OLD_CHARACTER_SET_CLIENT=@@CHARACTER_SET_CLIENT */;
/*!40101 SET @OLD_CHARACTER_SET_RESULTS=@@CHARACTER_SET_RESULTS */;
/*!40101 SET @OLD_COLLATION_CONNECTION=@@COLLATION_CONNECTION */;
/*!40101 SET NAMES utf8mb4 */;

--
-- База данных: `js`
--

-- --------------------------------------------------------

--
-- Структура таблицы `skill`
--

CREATE TABLE IF NOT EXISTS `skill` (
  `id` int(11) NOT NULL,
  `statistics_id` int(11) DEFAULT NULL,
  `name` varchar(255) DEFAULT NULL,
  `cluster` int(11) DEFAULT NULL,
  `occurrence` double NOT NULL
) ENGINE=InnoDB AUTO_INCREMENT=1064 DEFAULT CHARSET=utf8;

--
-- Дамп данных таблицы `skill`
--

INSERT INTO `skill` (`id`, `statistics_id`, `name`, `cluster`, `occurrence`) VALUES
(157, 1, 'Myriel', 1, 3.6),
(158, 1, 'Napoleon', 1, 1),
(159, 1, 'Mlle.Baptistine', 1, 1),
(160, 1, 'Mme.Magloire', 1, 1),
(161, 1, 'CountessdeLo', 1, 1),
(162, 1, 'Geborand', 1, 1),
(163, 1, 'Champtercier', 1, 1),
(164, 1, 'Cravatte', 1, 1),
(165, 1, 'Count', 1, 1),
(166, 1, 'OldMan', 1, 1),
(167, 1, 'Labarre', 2, 1),
(168, 1, 'Valjean', 2, 5),
(169, 1, 'Marguerite', 3, 1),
(170, 1, 'Mme.deR', 2, 1),
(171, 1, 'Isabeau', 2, 1),
(172, 1, 'Gervais', 2, 1),
(173, 1, 'Tholomyes', 3, 1),
(174, 1, 'Listolier', 3, 1),
(175, 1, 'Fameuil', 3, 1),
(176, 1, 'Blacheville', 3, 1),
(177, 1, 'Favourite', 3, 1),
(178, 1, 'Dahlia', 3, 1),
(179, 1, 'Zephine', 3, 1),
(180, 1, 'Fantine', 3, 2.8),
(181, 1, 'Mme.Thenardier', 4, 1),
(182, 1, 'Thenardier', 4, 1),
(183, 1, 'Cosette', 5, 1),
(184, 1, 'Javert', 4, 1),
(185, 1, 'Fauchelevent', 6, 1),
(186, 1, 'Bamatabois', 2, 1),
(187, 1, 'Perpetue', 3, 1),
(188, 1, 'Simplice', 2, 1),
(189, 1, 'Scaufflaire', 2, 1),
(190, 1, 'Woman1', 2, 1),
(191, 1, 'Judge', 2, 1),
(192, 1, 'Champmathieu', 2, 1),
(193, 1, 'Brevet', 2, 1),
(194, 1, 'Chenildieu', 2, 1),
(195, 1, 'Cochepaille', 2, 1),
(196, 1, 'Pontmercy', 4, 1),
(197, 1, 'Boulatruelle', 6, 1),
(198, 1, 'Eponine', 4, 1),
(199, 1, 'Anzelma', 4, 1),
(200, 1, 'Woman2', 5, 1),
(201, 1, 'MotherInnocent', 6, 1),
(202, 1, 'Gribier', 6, 1),
(203, 1, 'Jondrette', 7, 1),
(204, 1, 'Mme.Burgon', 7, 1),
(205, 1, 'Gavroche', 8, 1),
(206, 1, 'Gillenormand', 5, 1),
(207, 1, 'Magnon', 5, 1),
(208, 1, 'Mlle.Gillenormand', 5, 1),
(209, 1, 'Mme.Pontmercy', 5, 1),
(210, 1, 'Mlle.Vaubois', 5, 1),
(211, 1, 'Lt.Gillenormand', 5, 1),
(212, 1, 'Marius', 8, 1),
(213, 1, 'BaronessT', 5, 1),
(214, 1, 'Mabeuf', 8, 1),
(215, 1, 'Enjolras', 8, 1),
(216, 1, 'Combeferre', 8, 1),
(217, 1, 'Prouvaire', 8, 1),
(218, 1, 'Feuilly', 8, 1),
(219, 1, 'Courfeyrac', 8, 1),
(220, 1, 'Bahorel', 8, 1),
(221, 1, 'Bossuet', 8, 1),
(222, 1, 'Joly', 8, 1),
(223, 1, 'Grantaire', 8, 1),
(224, 1, 'MotherPlutarch', 9, 1),
(225, 1, 'Gueulemer', 4, 1),
(226, 1, 'Babet', 4, 1),
(227, 1, 'Claquesous', 4, 1),
(228, 1, 'Montparnasse', 4, 1),
(229, 1, 'Toussaint', 5, 1),
(230, 1, 'Child1', 10, 1),
(231, 1, 'Child2', 10, 1),
(232, 1, 'Brujon', 4, 1),
(233, 1, 'Mme.Hucheloup', 8, 1),
(654, 24, 'Programming', 0, 1),
(655, 24, 'Statistics', 0, 1),
(656, 24, 'SQL', 1, 1),
(657, 24, 'PerformanceTesting', 0, 1),
(658, 24, 'DataAnalysis', 0, 1),
(659, 24, 'Visio', 0, 1),
(660, 24, 'Security', 0, 1),
(661, 24, 'C++', 0, 1),
(662, 24, 'Analyst', 2, 1),
(663, 24, 'Administrator', 0, 1),
(664, 24, 'ProjectManagement', 1, 1),
(665, 24, 'Analytic', 0, 1),
(666, 24, 'Excel', 1, 1),
(667, 24, 'Reporting', 2, 1),
(668, 24, 'Development', 0, 1),
(669, 24, 'GO', 0, 1),
(670, 24, 'MsOffice', 0, 1),
(671, 24, 'VBA', 0, 1),
(672, 24, 'Modeling', 0, 1),
(673, 24, 'Design', 1, 1),
(674, 24, 'Database', 2, 1),
(675, 24, 'Finance', 0, 1),
(676, 24, 'Analysis', 2, 2.7),
(677, 24, 'Developer', 0, 1),
(678, 24, 'Python', 0, 1),
(679, 24, 'SAS', 0, 1),
(680, 24, 'RiskManagement', 0, 1),
(681, 24, 'Monitoring', 0, 1),
(682, 25, 'Programming', 0, 1),
(683, 25, 'Statistics', 0, 1),
(684, 25, 'SQL', 1, 1),
(685, 25, 'PerformanceTesting', 0, 1),
(686, 25, 'DataAnalysis', 0, 1),
(687, 25, 'Visio', 0, 1),
(688, 25, 'Security', 0, 1),
(689, 25, 'C++', 0, 1),
(690, 25, 'Analyst', 2, 1),
(691, 25, 'Administrator', 0, 1),
(692, 25, 'ProjectManagement', 1, 3.3),
(693, 25, 'Analytic', 0, 1),
(694, 25, 'Excel', 1, 1),
(695, 25, 'Reporting', 2, 1),
(696, 25, 'Development', 0, 1),
(697, 25, 'GO', 0, 1),
(698, 25, 'MsOffice', 0, 1),
(699, 25, 'VBA', 0, 1),
(700, 25, 'Modeling', 0, 1),
(701, 25, 'Design', 1, 1),
(702, 25, 'Database', 2, 1),
(703, 25, 'Finance', 0, 1),
(704, 25, 'Analysis', 2, 1),
(705, 25, 'Developer', 0, 1),
(706, 25, 'Python', 0, 1),
(707, 25, 'SAS', 0, 1),
(708, 25, 'RiskManagement', 0, 1),
(709, 25, 'Monitoring', 0, 1),
(710, 26, 'Programming', 0, 1),
(711, 26, 'Statistics', 0, 1),
(712, 26, 'SQL', 1, 1),
(713, 26, 'PerformanceTesting', 0, 1),
(714, 26, 'DataAnalysis', 0, 1),
(715, 26, 'Visio', 0, 1),
(716, 26, 'Security', 0, 1),
(717, 26, 'C++', 0, 1),
(718, 26, 'Analyst', 2, 1),
(719, 26, 'Administrator', 0, 1),
(720, 26, 'ProjectManagement', 1, 1),
(721, 26, 'Analytic', 0, 1),
(722, 26, 'Excel', 1, 1),
(723, 26, 'Reporting', 2, 1),
(724, 26, 'Development', 0, 1),
(725, 26, 'GO', 0, 1),
(726, 26, 'MsOffice', 0, 1),
(727, 26, 'VBA', 0, 1),
(728, 26, 'Modeling', 0, 1),
(729, 26, 'Design', 1, 1),
(730, 26, 'Database', 2, 1),
(731, 26, 'Finance', 0, 1),
(732, 26, 'Analysis', 2, 1),
(733, 26, 'Developer', 0, 1),
(734, 26, 'Python', 0, 1),
(735, 26, 'SAS', 0, 1),
(736, 26, 'RiskManagement', 0, 1),
(737, 26, 'Monitoring', 0, 1),
(738, 27, 'Programming', 0, 1),
(739, 27, 'Statistics', 0, 1),
(740, 27, 'SQL', 1, 1),
(741, 27, 'PerformanceTesting', 0, 1),
(742, 27, 'DataAnalysis', 0, 1),
(743, 27, 'Visio', 0, 1),
(744, 27, 'Security', 0, 1),
(745, 27, 'C++', 0, 1),
(746, 27, 'Analyst', 2, 1),
(747, 27, 'Administrator', 0, 1),
(748, 27, 'ProjectManagement', 1, 1),
(749, 27, 'Analytic', 0, 1),
(750, 27, 'Excel', 1, 1),
(751, 27, 'Reporting', 2, 1),
(752, 27, 'Development', 0, 1),
(753, 27, 'GO', 0, 1),
(754, 27, 'MsOffice', 0, 1),
(755, 27, 'VBA', 0, 1),
(756, 27, 'Modeling', 0, 1),
(757, 27, 'Design', 1, 1),
(758, 27, 'Database', 2, 1),
(759, 27, 'Finance', 0, 1),
(760, 27, 'Analysis', 2, 1),
(761, 27, 'Developer', 0, 1),
(762, 27, 'Python', 0, 1),
(763, 27, 'SAS', 0, 1),
(764, 27, 'RiskManagement', 0, 1),
(765, 27, 'Monitoring', 0, 1),
(766, 28, 'Programming', 0, 1),
(767, 28, 'Statistics', 0, 1),
(768, 28, 'SQL', 1, 1),
(769, 28, 'PerformanceTesting', 0, 1),
(770, 28, 'DataAnalysis', 0, 1),
(771, 28, 'Visio', 0, 1),
(772, 28, 'Security', 0, 1),
(773, 28, 'C++', 0, 1),
(774, 28, 'Analyst', 2, 1),
(775, 28, 'Administrator', 0, 1),
(776, 28, 'ProjectManagement', 1, 1),
(777, 28, 'Analytic', 0, 1),
(778, 28, 'Excel', 1, 1),
(779, 28, 'Reporting', 2, 1),
(780, 28, 'Development', 0, 1),
(781, 28, 'GO', 0, 1),
(782, 28, 'MsOffice', 0, 1),
(783, 28, 'VBA', 0, 1),
(784, 28, 'Modeling', 0, 1),
(785, 28, 'Design', 1, 1),
(786, 28, 'Database', 2, 1),
(787, 28, 'Finance', 0, 1),
(788, 28, 'Analysis', 2, 1),
(789, 28, 'Developer', 0, 1),
(790, 28, 'Python', 0, 1),
(791, 28, 'SAS', 0, 1),
(792, 28, 'RiskManagement', 0, 1),
(793, 28, 'Monitoring', 0, 1),
(794, 29, 'Programming', 0, 1),
(795, 29, 'Statistics', 0, 1),
(796, 29, 'SQL', 1, 1),
(797, 29, 'PerformanceTesting', 0, 1),
(798, 29, 'DataAnalysis', 0, 1),
(799, 29, 'Visio', 0, 1),
(800, 29, 'Security', 0, 1),
(801, 29, 'C++', 0, 1),
(802, 29, 'Analyst', 2, 1),
(803, 29, 'Administrator', 0, 1),
(804, 29, 'ProjectManagement', 1, 1),
(805, 29, 'Analytic', 0, 1),
(806, 29, 'Excel', 1, 1),
(807, 29, 'Reporting', 2, 1),
(808, 29, 'Development', 0, 1),
(809, 29, 'GO', 0, 1),
(810, 29, 'MsOffice', 0, 1),
(811, 29, 'VBA', 0, 1),
(812, 29, 'Modeling', 0, 1),
(813, 29, 'Design', 1, 1),
(814, 29, 'Database', 2, 1),
(815, 29, 'Finance', 0, 1),
(816, 29, 'Analysis', 2, 1),
(817, 29, 'Developer', 0, 1),
(818, 29, 'Python', 0, 1),
(819, 29, 'SAS', 0, 1),
(820, 29, 'RiskManagement', 0, 1),
(821, 29, 'Monitoring', 0, 1),
(822, 30, 'Programming', 0, 1),
(823, 30, 'Statistics', 0, 1),
(824, 30, 'SQL', 1, 1),
(825, 30, 'PerformanceTesting', 0, 1),
(826, 30, 'DataAnalysis', 0, 1),
(827, 30, 'Visio', 0, 1),
(828, 30, 'Security', 0, 1),
(829, 30, 'C++', 0, 1),
(830, 30, 'Analyst', 2, 1),
(831, 30, 'Administrator', 0, 1),
(832, 30, 'ProjectManagement', 1, 1),
(833, 30, 'Analytic', 0, 1),
(834, 30, 'Excel', 1, 1),
(835, 30, 'Reporting', 2, 1),
(836, 30, 'Development', 0, 1),
(837, 30, 'GO', 0, 1),
(838, 30, 'MsOffice', 0, 1),
(839, 30, 'VBA', 0, 1),
(840, 30, 'Modeling', 0, 1),
(841, 30, 'Design', 1, 1),
(842, 30, 'Database', 2, 1),
(843, 30, 'Finance', 0, 1),
(844, 30, 'Analysis', 2, 1),
(845, 30, 'Developer', 0, 1),
(846, 30, 'Python', 0, 1),
(847, 30, 'SAS', 0, 1),
(848, 30, 'RiskManagement', 0, 1),
(849, 30, 'Monitoring', 0, 1),
(850, 31, 'Programming', 0, 1),
(851, 31, 'Statistics', 0, 1),
(852, 31, 'SQL', 1, 1),
(853, 31, 'PerformanceTesting', 0, 1),
(854, 31, 'DataAnalysis', 0, 1),
(855, 31, 'Visio', 0, 1),
(856, 31, 'Security', 0, 1),
(857, 31, 'C++', 0, 1),
(858, 31, 'Analyst', 2, 1),
(859, 31, 'Administrator', 0, 1),
(860, 31, 'ProjectManagement', 1, 1),
(861, 31, 'Analytic', 0, 1),
(862, 31, 'Excel', 1, 1),
(863, 31, 'Reporting', 2, 1),
(864, 31, 'Development', 0, 1),
(865, 31, 'GO', 0, 1),
(866, 31, 'MsOffice', 0, 1),
(867, 31, 'VBA', 0, 1),
(868, 31, 'Modeling', 0, 1),
(869, 31, 'Design', 1, 1),
(870, 31, 'Database', 2, 1),
(871, 31, 'Finance', 0, 1),
(872, 31, 'Analysis', 2, 1),
(873, 31, 'Developer', 0, 1),
(874, 31, 'Python', 0, 1),
(875, 31, 'SAS', 0, 1),
(876, 31, 'RiskManagement', 0, 1),
(877, 31, 'Monitoring', 0, 1),
(878, 32, 'Programming', 0, 1),
(879, 32, 'Statistics', 0, 1),
(880, 32, 'SQL', 1, 1),
(881, 32, 'PerformanceTesting', 0, 1),
(882, 32, 'DataAnalysis', 0, 1),
(883, 32, 'Visio', 0, 1),
(884, 32, 'Security', 0, 1),
(885, 32, 'C++', 0, 1),
(886, 32, 'Analyst', 2, 1),
(887, 32, 'Administrator', 0, 1),
(888, 32, 'ProjectManagement', 1, 1),
(889, 32, 'Analytic', 0, 1),
(890, 32, 'Excel', 1, 1),
(891, 32, 'Reporting', 2, 1),
(892, 32, 'Development', 0, 1),
(893, 32, 'GO', 0, 1),
(894, 32, 'MsOffice', 0, 1),
(895, 32, 'VBA', 0, 1),
(896, 32, 'Modeling', 0, 1),
(897, 32, 'Design', 1, 1),
(898, 32, 'Database', 2, 1),
(899, 32, 'Finance', 0, 1),
(900, 32, 'Analysis', 2, 1),
(901, 32, 'Developer', 0, 1),
(902, 32, 'Python', 0, 1),
(903, 32, 'SAS', 0, 1),
(904, 32, 'RiskManagement', 0, 1),
(905, 32, 'Monitoring', 0, 1),
(906, 33, 'Programming', 0, 1),
(907, 33, 'Statistics', 0, 1),
(908, 33, 'SQL', 1, 1),
(909, 33, 'PerformanceTesting', 0, 1),
(910, 33, 'DataAnalysis', 0, 1),
(911, 33, 'Visio', 0, 1),
(912, 33, 'Security', 0, 1),
(913, 33, 'C++', 0, 1),
(914, 33, 'Analyst', 2, 1),
(915, 33, 'Administrator', 0, 1),
(916, 33, 'ProjectManagement', 1, 1),
(917, 33, 'Analytic', 0, 1),
(918, 33, 'Excel', 1, 1),
(919, 33, 'Reporting', 2, 1),
(920, 33, 'Development', 0, 1),
(921, 33, 'GO', 0, 1),
(922, 33, 'MsOffice', 0, 1),
(923, 33, 'VBA', 0, 1),
(924, 33, 'Modeling', 0, 1),
(925, 33, 'Design', 1, 1),
(926, 33, 'Database', 2, 1),
(927, 33, 'Finance', 0, 1),
(928, 33, 'Analysis', 2, 1),
(929, 33, 'Developer', 0, 1),
(930, 33, 'Python', 0, 1),
(931, 33, 'SAS', 0, 1),
(932, 33, 'RiskManagement', 0, 1),
(933, 33, 'Monitoring', 0, 1),
(934, 34, 'Programming', 0, 1),
(935, 34, 'Statistics', 0, 1),
(936, 34, 'SQL', 1, 1),
(937, 34, 'PerformanceTesting', 0, 1),
(938, 34, 'DataAnalysis', 0, 1),
(939, 34, 'Visio', 0, 1),
(940, 34, 'Security', 0, 1),
(941, 34, 'C++', 0, 1),
(942, 34, 'Analyst', 2, 1),
(943, 34, 'Administrator', 0, 1),
(944, 34, 'ProjectManagement', 1, 1),
(945, 34, 'Analytic', 0, 1),
(946, 34, 'Excel', 1, 1),
(947, 34, 'Reporting', 2, 1),
(948, 34, 'Development', 0, 1),
(949, 34, 'GO', 0, 1),
(950, 34, 'MsOffice', 0, 1),
(951, 34, 'VBA', 0, 1),
(952, 34, 'Modeling', 0, 1),
(953, 34, 'Design', 1, 1),
(954, 34, 'Database', 2, 1),
(955, 34, 'Finance', 0, 1),
(956, 34, 'Analysis', 2, 1),
(957, 34, 'Developer', 0, 1),
(958, 34, 'Python', 0, 1),
(959, 34, 'SAS', 0, 1),
(960, 34, 'RiskManagement', 0, 1),
(961, 34, 'Monitoring', 0, 1),
(962, 35, 'count', NULL, 0),
(963, 35, 'skill\r\n', NULL, 0),
(964, 35, '1', NULL, 0),
(965, 35, 'Statistics\r\n', NULL, 0),
(966, 35, '2', NULL, 0),
(967, 35, 'Design\r\n', NULL, 0),
(968, 35, 'Finance\r\n', NULL, 0),
(969, 35, '3', NULL, 0),
(970, 35, 'Reporting\r\n', NULL, 0),
(971, 35, 'SAS\r\n', NULL, 0),
(972, 35, 'Monitoring\r\n', NULL, 0),
(973, 35, 'Programming\r\n', NULL, 0),
(974, 35, 'SQL\r\n', NULL, 0),
(975, 35, 'Developer\r\n', NULL, 0),
(976, 35, '5', NULL, 0),
(977, 35, 'Analysis\r\n', NULL, 0),
(978, 35, 'C++\r\n', NULL, 0),
(979, 35, ' VBA\r\n', NULL, 0),
(980, 35, 'MsOffice\r\n', NULL, 0),
(981, 35, 'Security\r\n', NULL, 0),
(982, 35, 'PerformanceTesting\r\n', NULL, 0),
(983, 35, 'Analytic\r\n', NULL, 0),
(984, 35, 'DataAnalysis\r\n', NULL, 0),
(985, 35, 'Development\r\n', NULL, 0),
(986, 35, 'GO\r\n', NULL, 0),
(987, 35, 'Visio\r\n', NULL, 0),
(988, 35, 'Excel\r\n', NULL, 0),
(989, 35, 'Administrator\r\n', NULL, 0),
(990, 35, 'Modeling\r\n', NULL, 0),
(991, 35, 'ProjectManagement \r\n', NULL, 0),
(992, 35, 'Database\r\n', NULL, 0),
(993, 35, 'Analyst\r\n', NULL, 0),
(994, 35, 'RiskManagement\r\n', NULL, 0),
(995, 35, 'Python\r\n', NULL, 0),
(996, 36, 'count', NULL, 0),
(997, 36, 'skill\r\n', NULL, 0),
(998, 36, '1', NULL, 0),
(999, 36, 'Statistics\r\n', NULL, 0),
(1000, 36, '2', NULL, 0),
(1001, 36, 'Design\r\n', NULL, 0),
(1002, 36, 'Finance\r\n', NULL, 0),
(1003, 36, '3', NULL, 0),
(1004, 36, 'Reporting\r\n', NULL, 0),
(1005, 36, 'SAS\r\n', NULL, 0),
(1006, 36, 'Monitoring\r\n', NULL, 0),
(1007, 36, 'Programming\r\n', NULL, 0),
(1008, 36, 'SQL\r\n', NULL, 0),
(1009, 36, 'Developer\r\n', NULL, 0),
(1010, 36, '5', NULL, 0),
(1011, 36, 'Analysis\r\n', NULL, 0),
(1012, 36, 'C++\r\n', NULL, 0),
(1013, 36, ' VBA\r\n', NULL, 0),
(1014, 36, 'MsOffice\r\n', NULL, 0),
(1015, 36, 'Security\r\n', NULL, 0),
(1016, 36, 'PerformanceTesting\r\n', NULL, 0),
(1017, 36, 'Analytic\r\n', NULL, 0),
(1018, 36, 'DataAnalysis\r\n', NULL, 0),
(1019, 36, 'Development\r\n', NULL, 0),
(1020, 36, 'GO\r\n', NULL, 0),
(1021, 36, 'Visio\r\n', NULL, 0),
(1022, 36, 'Excel\r\n', NULL, 0),
(1023, 36, 'Administrator\r\n', NULL, 0),
(1024, 36, 'Modeling\r\n', NULL, 0),
(1025, 36, 'ProjectManagement \r\n', NULL, 0),
(1026, 36, 'Database\r\n', NULL, 0),
(1027, 36, 'Analyst\r\n', NULL, 0),
(1028, 36, 'RiskManagement\r\n', NULL, 0),
(1029, 36, 'Python\r\n', NULL, 0),
(1030, 37, 'count', NULL, 0),
(1031, 37, 'skill\r\n', NULL, 0),
(1032, 37, '1', NULL, 0),
(1033, 37, 'Statistics\r\n', NULL, 0),
(1034, 37, '2', NULL, 0),
(1035, 37, 'Design\r\n', NULL, 0),
(1036, 37, 'Finance\r\n', NULL, 0),
(1037, 37, '3', NULL, 0),
(1038, 37, 'Reporting\r\n', NULL, 0),
(1039, 37, 'SAS\r\n', NULL, 0),
(1040, 37, 'Monitoring\r\n', NULL, 0),
(1041, 37, 'Programming\r\n', NULL, 0),
(1042, 37, 'SQL\r\n', NULL, 0),
(1043, 37, 'Developer\r\n', NULL, 0),
(1044, 37, '5', NULL, 0),
(1045, 37, 'Analysis\r\n', NULL, 0),
(1046, 37, 'C++\r\n', NULL, 0),
(1047, 37, ' VBA\r\n', NULL, 0),
(1048, 37, 'MsOffice\r\n', NULL, 0),
(1049, 37, 'Security\r\n', NULL, 0),
(1050, 37, 'PerformanceTesting\r\n', NULL, 0),
(1051, 37, 'Analytic\r\n', NULL, 0),
(1052, 37, 'DataAnalysis\r\n', NULL, 0),
(1053, 37, 'Development\r\n', NULL, 0),
(1054, 37, 'GO\r\n', NULL, 0),
(1055, 37, 'Visio\r\n', NULL, 0),
(1056, 37, 'Excel\r\n', NULL, 0),
(1057, 37, 'Administrator\r\n', NULL, 0),
(1058, 37, 'Modeling\r\n', NULL, 0),
(1059, 37, 'ProjectManagement \r\n', NULL, 0),
(1060, 37, 'Database\r\n', NULL, 0),
(1061, 37, 'Analyst\r\n', NULL, 0),
(1062, 37, 'RiskManagement\r\n', NULL, 0),
(1063, 37, 'Python\r\n', NULL, 0);

-- --------------------------------------------------------

--
-- Структура таблицы `skill_connection`
--

CREATE TABLE IF NOT EXISTS `skill_connection` (
  `id` int(11) NOT NULL,
  `statistics_id` int(11) DEFAULT NULL,
  `skill1_id` int(11) DEFAULT NULL,
  `skill2_id` int(11) DEFAULT NULL,
  `strength` double NOT NULL,
  `co_occurrence` double NOT NULL
) ENGINE=InnoDB AUTO_INCREMENT=1725 DEFAULT CHARSET=utf8;

--
-- Дамп данных таблицы `skill_connection`
--

INSERT INTO `skill_connection` (`id`, `statistics_id`, `skill1_id`, `skill2_id`, `strength`, `co_occurrence`) VALUES
(919, 1, 158, 157, 0.001, 0),
(920, 1, 159, 157, 0.001, 0),
(921, 1, 160, 157, 0.001, 0),
(922, 1, 160, 159, 0.001, 0),
(923, 1, 161, 157, 0.001, 0),
(924, 1, 162, 157, 0.001, 0),
(925, 1, 163, 157, 0.001, 0),
(926, 1, 164, 157, 0.001, 0),
(927, 1, 165, 157, 0.012, 0),
(928, 1, 166, 157, 0.001, 0),
(929, 1, 168, 167, 0.001, 0),
(930, 1, 168, 160, 0.001, 0),
(931, 1, 168, 159, 0.001, 0),
(932, 1, 168, 157, 0.001, 0),
(933, 1, 169, 168, 0.001, 0),
(934, 1, 170, 168, 0.001, 0),
(935, 1, 171, 168, 0.001, 0),
(936, 1, 172, 168, 0.001, 0),
(937, 1, 174, 173, 0.001, 0),
(938, 1, 175, 173, 0.001, 0),
(939, 1, 175, 174, 0.001, 0),
(940, 1, 176, 173, 0.001, 0),
(941, 1, 176, 174, 0.001, 0),
(942, 1, 176, 175, 0.001, 0),
(943, 1, 177, 173, 0.001, 0),
(944, 1, 177, 174, 0.001, 0),
(945, 1, 177, 175, 0.001, 0),
(946, 1, 177, 176, 0.001, 0),
(947, 1, 178, 173, 0.001, 0),
(948, 1, 178, 174, 0.001, 0),
(949, 1, 178, 175, 0.001, 0),
(950, 1, 178, 176, 0.001, 0),
(951, 1, 178, 177, 0.001, 0),
(952, 1, 179, 173, 0.001, 0),
(953, 1, 179, 174, 0.001, 0),
(954, 1, 179, 175, 0.001, 0),
(955, 1, 179, 176, 0.001, 0),
(956, 1, 179, 177, 0.001, 0),
(957, 1, 179, 178, 0.001, 0),
(958, 1, 180, 173, 0.001, 0),
(959, 1, 180, 174, 0.001, 0),
(960, 1, 180, 175, 0.001, 0),
(961, 1, 180, 176, 0.001, 0),
(962, 1, 180, 177, 0.001, 0),
(963, 1, 180, 178, 0.001, 0),
(964, 1, 180, 179, 0.001, 0),
(965, 1, 180, 169, 0.001, 0),
(966, 1, 180, 168, 0.001, 0),
(967, 1, 181, 180, 0.001, 0),
(968, 1, 181, 168, 0.001, 0),
(969, 1, 182, 181, 0.001, 0),
(970, 1, 182, 180, 0.001, 0),
(971, 1, 182, 168, 0.001, 0),
(972, 1, 183, 181, 0.001, 0),
(973, 1, 183, 168, 0.001, 0),
(974, 1, 183, 173, 0.001, 0),
(975, 1, 183, 182, 0.001, 0),
(976, 1, 184, 168, 0.001, 0),
(977, 1, 184, 180, 0.001, 0),
(978, 1, 184, 182, 0.001, 0),
(979, 1, 184, 181, 0.001, 0),
(980, 1, 184, 183, 0.001, 0),
(981, 1, 185, 168, 0.001, 0),
(982, 1, 185, 184, 0.001, 0),
(983, 1, 186, 180, 0.001, 0),
(984, 1, 186, 184, 0.001, 0),
(985, 1, 186, 168, 0.001, 0),
(986, 1, 187, 180, 0.001, 0),
(987, 1, 188, 187, 0.001, 0),
(988, 1, 188, 168, 0.001, 0),
(989, 1, 188, 180, 0.001, 0),
(990, 1, 188, 184, 0.001, 0),
(991, 1, 189, 168, 0.001, 0),
(992, 1, 190, 168, 0.001, 0),
(993, 1, 190, 184, 0.001, 0),
(994, 1, 191, 168, 0.001, 0),
(995, 1, 191, 186, 0.001, 0),
(996, 1, 192, 168, 0.001, 0),
(997, 1, 192, 191, 0.001, 0),
(998, 1, 192, 186, 0.001, 0),
(999, 1, 193, 191, 0.001, 0),
(1000, 1, 193, 192, 0.001, 0),
(1001, 1, 193, 168, 0.001, 0),
(1002, 1, 193, 186, 0.001, 0),
(1003, 1, 194, 191, 0.001, 0),
(1004, 1, 194, 192, 0.001, 0),
(1005, 1, 194, 193, 0.001, 0),
(1006, 1, 194, 168, 0.001, 0),
(1007, 1, 194, 186, 0.001, 0),
(1008, 1, 195, 191, 0.001, 0),
(1009, 1, 195, 192, 0.001, 0),
(1010, 1, 195, 193, 0.001, 0),
(1011, 1, 195, 194, 0.001, 0),
(1012, 1, 195, 168, 0.001, 0),
(1013, 1, 195, 186, 0.001, 0),
(1014, 1, 196, 182, 0.001, 0),
(1015, 1, 197, 182, 0.001, 0),
(1016, 1, 198, 181, 0.001, 0),
(1017, 1, 198, 182, 0.001, 0),
(1018, 1, 199, 198, 0.001, 0),
(1019, 1, 199, 182, 0.001, 0),
(1020, 1, 199, 181, 0.001, 0),
(1021, 1, 200, 168, 0.001, 0),
(1022, 1, 200, 183, 0.001, 0),
(1023, 1, 200, 184, 0.001, 0),
(1024, 1, 201, 185, 0.001, 0),
(1025, 1, 201, 168, 0.001, 0),
(1026, 1, 202, 185, 0.001, 0),
(1027, 1, 204, 203, 0.001, 0),
(1028, 1, 205, 204, 0.001, 0),
(1029, 1, 205, 182, 0.001, 0),
(1030, 1, 205, 184, 0.001, 0),
(1031, 1, 205, 168, 0.001, 0),
(1032, 1, 206, 183, 0.001, 0),
(1033, 1, 206, 168, 0.001, 0),
(1034, 1, 207, 206, 0.001, 0),
(1035, 1, 207, 181, 0.001, 0),
(1036, 1, 208, 206, 0.001, 0),
(1037, 1, 208, 183, 0.001, 0),
(1038, 1, 208, 168, 0.001, 0),
(1039, 1, 209, 208, 0.001, 0),
(1040, 1, 209, 196, 0.001, 0),
(1041, 1, 210, 208, 0.001, 0),
(1042, 1, 211, 208, 0.001, 0),
(1043, 1, 211, 206, 0.001, 0),
(1044, 1, 211, 183, 0.001, 0),
(1045, 1, 212, 208, 0.001, 0),
(1046, 1, 212, 206, 0.001, 0),
(1047, 1, 212, 196, 0.001, 0),
(1048, 1, 212, 211, 0.001, 0),
(1049, 1, 212, 183, 0.001, 0),
(1050, 1, 212, 168, 0.001, 0),
(1051, 1, 212, 173, 0.001, 0),
(1052, 1, 212, 182, 0.001, 0),
(1053, 1, 212, 198, 0.001, 0),
(1054, 1, 212, 205, 0.001, 0),
(1055, 1, 213, 206, 0.001, 0),
(1056, 1, 213, 212, 0.001, 0),
(1057, 1, 214, 212, 0.001, 0),
(1058, 1, 214, 198, 0.001, 0),
(1059, 1, 214, 205, 0.001, 0),
(1060, 1, 215, 212, 0.001, 0),
(1061, 1, 215, 205, 0.001, 0),
(1062, 1, 215, 184, 0.001, 0),
(1063, 1, 215, 214, 0.001, 0),
(1064, 1, 215, 168, 0.001, 0),
(1065, 1, 216, 215, 0.001, 0),
(1066, 1, 216, 212, 0.001, 0),
(1067, 1, 216, 205, 0.001, 0),
(1068, 1, 216, 214, 0.001, 0),
(1069, 1, 217, 205, 0.001, 0),
(1070, 1, 217, 215, 0.001, 0),
(1071, 1, 217, 216, 0.001, 0),
(1072, 1, 218, 205, 0.001, 0),
(1073, 1, 218, 215, 0.001, 0),
(1074, 1, 218, 217, 0.001, 0),
(1075, 1, 218, 216, 0.001, 0),
(1076, 1, 218, 214, 0.001, 0),
(1077, 1, 218, 212, 0.001, 0),
(1078, 1, 219, 212, 0.001, 0),
(1079, 1, 219, 215, 0.001, 0),
(1080, 1, 219, 216, 0.001, 0),
(1081, 1, 219, 205, 0.001, 0),
(1082, 1, 219, 214, 0.001, 0),
(1083, 1, 219, 198, 0.001, 0),
(1084, 1, 219, 218, 0.001, 0),
(1085, 1, 219, 217, 0.001, 0),
(1086, 1, 220, 216, 0.001, 0),
(1087, 1, 220, 205, 0.001, 0),
(1088, 1, 220, 219, 0.001, 0),
(1089, 1, 220, 214, 0.001, 0),
(1090, 1, 220, 215, 0.001, 0),
(1091, 1, 220, 218, 0.001, 0),
(1092, 1, 220, 217, 0.001, 0),
(1093, 1, 220, 212, 0.001, 0),
(1094, 1, 221, 212, 0.001, 0),
(1095, 1, 221, 219, 0.001, 0),
(1096, 1, 221, 205, 0.001, 0),
(1097, 1, 221, 220, 0.001, 0),
(1098, 1, 221, 215, 0.001, 0),
(1099, 1, 221, 218, 0.001, 0),
(1100, 1, 221, 217, 0.001, 0),
(1101, 1, 221, 216, 0.001, 0),
(1102, 1, 221, 214, 0.001, 0),
(1103, 1, 221, 168, 0.001, 0),
(1104, 1, 222, 220, 0.001, 0),
(1105, 1, 222, 221, 0.001, 0),
(1106, 1, 222, 205, 0.001, 0),
(1107, 1, 222, 219, 0.001, 0),
(1108, 1, 222, 215, 0.001, 0),
(1109, 1, 222, 218, 0.001, 0),
(1110, 1, 222, 217, 0.001, 0),
(1111, 1, 222, 216, 0.001, 0),
(1112, 1, 222, 214, 0.001, 0),
(1113, 1, 222, 212, 0.001, 0),
(1114, 1, 223, 221, 0.001, 0),
(1115, 1, 223, 215, 0.001, 0),
(1116, 1, 223, 216, 0.001, 0),
(1117, 1, 223, 219, 0.001, 0),
(1118, 1, 223, 222, 0.001, 0),
(1119, 1, 223, 205, 0.001, 0),
(1120, 1, 223, 220, 0.001, 0),
(1121, 1, 223, 218, 0.001, 0),
(1122, 1, 223, 217, 0.001, 0),
(1123, 1, 224, 214, 0.001, 0),
(1124, 1, 225, 182, 0.001, 0),
(1125, 1, 225, 168, 0.001, 0),
(1126, 1, 225, 181, 0.001, 0),
(1127, 1, 225, 184, 0.001, 0),
(1128, 1, 225, 205, 0.001, 0),
(1129, 1, 225, 198, 0.001, 0),
(1130, 1, 226, 182, 0.001, 0),
(1131, 1, 226, 225, 0.001, 0),
(1132, 1, 226, 168, 0.001, 0),
(1133, 1, 226, 181, 0.001, 0),
(1134, 1, 226, 184, 0.001, 0),
(1135, 1, 226, 205, 0.001, 0),
(1136, 1, 226, 198, 0.001, 0),
(1137, 1, 227, 182, 0.001, 0),
(1138, 1, 227, 226, 0.001, 0),
(1139, 1, 227, 225, 0.001, 0),
(1140, 1, 227, 168, 0.001, 0),
(1141, 1, 227, 181, 0.001, 0),
(1142, 1, 227, 184, 0.001, 0),
(1143, 1, 227, 198, 0.001, 0),
(1144, 1, 227, 215, 0.001, 0),
(1145, 1, 228, 184, 0.001, 0),
(1146, 1, 228, 226, 0.001, 0),
(1147, 1, 228, 225, 0.001, 0),
(1148, 1, 228, 227, 0.001, 0),
(1149, 1, 228, 168, 0.001, 0),
(1150, 1, 228, 205, 0.001, 0),
(1151, 1, 228, 198, 0.001, 0),
(1152, 1, 228, 182, 0.001, 0),
(1153, 1, 229, 183, 0.001, 0),
(1154, 1, 229, 184, 0.001, 0),
(1155, 1, 229, 168, 0.001, 0),
(1156, 1, 230, 205, 0.001, 0),
(1157, 1, 231, 205, 0.001, 0),
(1158, 1, 231, 230, 0.001, 0),
(1159, 1, 232, 226, 0.001, 0),
(1160, 1, 232, 225, 0.001, 0),
(1161, 1, 232, 182, 0.001, 0),
(1162, 1, 232, 205, 0.001, 0),
(1163, 1, 232, 198, 0.001, 0),
(1164, 1, 232, 227, 0.001, 0),
(1165, 1, 232, 228, 0.001, 0),
(1166, 1, 233, 221, 0.001, 0),
(1167, 1, 233, 222, 0.001, 0),
(1168, 1, 233, 223, 0.001, 0),
(1169, 1, 233, 220, 0.001, 0),
(1170, 1, 233, 219, 0.001, 0),
(1171, 1, 233, 205, 0.001, 0),
(1172, 1, 233, 215, 0.001, 0),
(1637, 24, 656, 664, 0.00462963, 2),
(1638, 24, 666, 664, 0.011111111, 2),
(1639, 24, 662, 667, 0.011136, 3),
(1640, 24, 676, 674, 0.000581, 2),
(1641, 24, 673, 664, 0.005208333, 2),
(1642, 24, 666, 676, 0.001132075, 3),
(1643, 24, 662, 674, 0.000314, 2),
(1644, 24, 676, 664, 0.001257862, 2),
(1645, 25, 684, 692, 0.00462963, 2),
(1646, 25, 694, 692, 0.011111111, 2),
(1647, 25, 690, 695, 0.003136, 3),
(1648, 25, 704, 702, 0.003581, 2),
(1649, 25, 701, 692, 0.005208333, 2),
(1650, 25, 694, 704, 0.001132075, 3),
(1651, 25, 690, 702, 0.004314, 2),
(1652, 25, 704, 692, 0.011257862, 2),
(1653, 26, 712, 720, 0.00462963, 2),
(1654, 26, 722, 720, 0.011111111, 2),
(1655, 26, 718, 723, 0.000136, 3),
(1656, 26, 732, 730, 0.000581, 2),
(1657, 26, 729, 720, 0.005208333, 2),
(1658, 26, 722, 732, 0.001132075, 3),
(1659, 26, 718, 730, 0.000314, 2),
(1660, 26, 732, 720, 0.001257862, 2),
(1661, 27, 740, 748, 0.00462963, 2),
(1662, 27, 750, 748, 0.011111111, 2),
(1663, 27, 746, 751, 0.000136, 3),
(1664, 27, 760, 758, 0.000581, 2),
(1665, 27, 757, 748, 0.005208333, 2),
(1666, 27, 750, 760, 0.001132075, 3),
(1667, 27, 746, 758, 0.000314, 2),
(1668, 27, 760, 748, 0.001257862, 2),
(1669, 28, 768, 776, 0.00462963, 2),
(1670, 28, 778, 776, 0.011111111, 2),
(1671, 28, 774, 779, 0.000136, 3),
(1672, 28, 788, 786, 0.000581, 2),
(1673, 28, 785, 776, 0.005208333, 2),
(1674, 28, 778, 788, 0.001132075, 3),
(1675, 28, 774, 786, 0.000314, 2),
(1676, 28, 788, 776, 0.001257862, 2),
(1677, 29, 796, 804, 0.00462963, 2),
(1678, 29, 806, 804, 0.011111111, 2),
(1679, 29, 802, 807, 0.000136, 3),
(1680, 29, 816, 814, 0.000581, 2),
(1681, 29, 813, 804, 0.005208333, 2),
(1682, 29, 806, 816, 0.001132075, 3),
(1683, 29, 802, 814, 0.000314, 2),
(1684, 29, 816, 804, 0.001257862, 2),
(1685, 30, 824, 832, 0.00462963, 2),
(1686, 30, 834, 832, 0.011111111, 2),
(1687, 30, 830, 835, 0.000136, 3),
(1688, 30, 844, 842, 0.000581, 2),
(1689, 30, 841, 832, 0.005208333, 2),
(1690, 30, 834, 844, 0.001132075, 3),
(1691, 30, 830, 842, 0.000314, 2),
(1692, 30, 844, 832, 0.001257862, 2),
(1693, 31, 852, 860, 0.00462963, 2),
(1694, 31, 862, 860, 0.011111111, 2),
(1695, 31, 858, 863, 0.000136, 3),
(1696, 31, 872, 870, 0.000581, 2),
(1697, 31, 869, 860, 0.005208333, 2),
(1698, 31, 862, 872, 0.001132075, 3),
(1699, 31, 858, 870, 0.000314, 2),
(1700, 31, 872, 860, 0.001257862, 2),
(1701, 32, 880, 888, 0.00462963, 2),
(1702, 32, 890, 888, 0.011111111, 2),
(1703, 32, 886, 891, 0.000136, 3),
(1704, 32, 900, 898, 0.000581, 2),
(1705, 32, 897, 888, 0.005208333, 2),
(1706, 32, 890, 900, 0.001132075, 3),
(1707, 32, 886, 898, 0.000314, 2),
(1708, 32, 900, 888, 0.001257862, 2),
(1709, 33, 908, 916, 0.00462963, 2),
(1710, 33, 918, 916, 0.011111111, 2),
(1711, 33, 914, 919, 0.000136, 3),
(1712, 33, 928, 926, 0.000581, 2),
(1713, 33, 925, 916, 0.005208333, 2),
(1714, 33, 918, 928, 0.001132075, 3),
(1715, 33, 914, 926, 0.000314, 2),
(1716, 33, 928, 916, 0.001257862, 2),
(1717, 34, 936, 944, 0.00462963, 2),
(1718, 34, 946, 944, 0.011111111, 2),
(1719, 34, 942, 947, 0.000136, 3),
(1720, 34, 956, 954, 0.000581, 2),
(1721, 34, 953, 944, 0.005208333, 2),
(1722, 34, 946, 956, 0.001132075, 3),
(1723, 34, 942, 954, 0.000314, 2),
(1724, 34, 956, 944, 0.001257862, 2);

-- --------------------------------------------------------

--
-- Структура таблицы `statistics`
--

CREATE TABLE IF NOT EXISTS `statistics` (
  `id` int(11) NOT NULL,
  `from_date` date DEFAULT NULL,
  `to_date` date NOT NULL,
  `country` varchar(64) NOT NULL,
  `enabled` int(255) DEFAULT NULL
) ENGINE=InnoDB AUTO_INCREMENT=38 DEFAULT CHARSET=utf8;

--
-- Дамп данных таблицы `statistics`
--

INSERT INTO `statistics` (`id`, `from_date`, `to_date`, `country`, `enabled`) VALUES
(1, '2017-01-01', '2017-06-01', 'Uk', 1),
(24, '2017-06-01', '2017-01-01', 'Uk', 1),
(25, '2017-02-01', '2017-02-01', 'Uk', 1),
(26, '2017-03-01', '2017-03-01', 'Uk', 1),
(27, '2017-04-01', '2017-04-01', 'Uk', 1),
(28, '2017-05-01', '2017-05-01', 'Uk', 1),
(29, '2017-07-01', '2017-07-01', 'Uk', 1),
(30, '2017-08-01', '2017-08-01', 'Uk', 1),
(31, '2017-09-01', '2017-09-01', 'Uk', 1),
(32, '2017-10-01', '2017-10-01', 'Uk', 1),
(33, '2017-11-01', '2017-11-01', 'Uk', 1),
(34, '2017-12-01', '2017-12-01', 'Uk', 1),
(35, '2016-01-01', '2016-01-01', 'Uk', 1),
(36, '2016-02-01', '2017-02-01', 'AT', 1),
(37, '2016-02-01', '2017-02-01', 'AT', 1);

--
-- Индексы сохранённых таблиц
--

--
-- Индексы таблицы `skill`
--
ALTER TABLE `skill`
  ADD PRIMARY KEY (`id`),
  ADD KEY `statistics_id` (`statistics_id`);

--
-- Индексы таблицы `skill_connection`
--
ALTER TABLE `skill_connection`
  ADD PRIMARY KEY (`id`),
  ADD KEY `skill1_id` (`skill1_id`),
  ADD KEY `skill2_id` (`skill2_id`),
  ADD KEY `statistics_id` (`statistics_id`);

--
-- Индексы таблицы `statistics`
--
ALTER TABLE `statistics`
  ADD PRIMARY KEY (`id`);

--
-- AUTO_INCREMENT для сохранённых таблиц
--

--
-- AUTO_INCREMENT для таблицы `skill`
--
ALTER TABLE `skill`
  MODIFY `id` int(11) NOT NULL AUTO_INCREMENT,AUTO_INCREMENT=1064;
--
-- AUTO_INCREMENT для таблицы `skill_connection`
--
ALTER TABLE `skill_connection`
  MODIFY `id` int(11) NOT NULL AUTO_INCREMENT,AUTO_INCREMENT=1725;
--
-- AUTO_INCREMENT для таблицы `statistics`
--
ALTER TABLE `statistics`
  MODIFY `id` int(11) NOT NULL AUTO_INCREMENT,AUTO_INCREMENT=38;
--
-- Ограничения внешнего ключа сохраненных таблиц
--

--
-- Ограничения внешнего ключа таблицы `skill`
--
ALTER TABLE `skill`
  ADD CONSTRAINT `skill_ibfk_1` FOREIGN KEY (`statistics_id`) REFERENCES `statistics` (`id`) ON DELETE CASCADE ON UPDATE CASCADE;

--
-- Ограничения внешнего ключа таблицы `skill_connection`
--
ALTER TABLE `skill_connection`
  ADD CONSTRAINT `skill_connection_ibfk_1` FOREIGN KEY (`skill1_id`) REFERENCES `skill` (`id`) ON DELETE CASCADE ON UPDATE CASCADE,
  ADD CONSTRAINT `skill_connection_ibfk_2` FOREIGN KEY (`skill2_id`) REFERENCES `skill` (`id`) ON DELETE CASCADE ON UPDATE CASCADE,
  ADD CONSTRAINT `skill_connection_ibfk_3` FOREIGN KEY (`statistics_id`) REFERENCES `statistics` (`id`) ON DELETE CASCADE ON UPDATE CASCADE;

/*!40101 SET CHARACTER_SET_CLIENT=@OLD_CHARACTER_SET_CLIENT */;
/*!40101 SET CHARACTER_SET_RESULTS=@OLD_CHARACTER_SET_RESULTS */;
/*!40101 SET COLLATION_CONNECTION=@OLD_COLLATION_CONNECTION */;
