-- phpMyAdmin SQL Dump
-- version 4.4.15.7
-- http://www.phpmyadmin.net
--
-- Хост: 127.0.0.1:3306
-- Время создания: Июн 23 2017 г., 11:46
-- Версия сервера: 5.5.50
-- Версия PHP: 5.6.23

SET SQL_MODE = "NO_AUTO_VALUE_ON_ZERO";
SET time_zone = "+00:00";


/*!40101 SET @OLD_CHARACTER_SET_CLIENT=@@CHARACTER_SET_CLIENT */;
/*!40101 SET @OLD_CHARACTER_SET_RESULTS=@@CHARACTER_SET_RESULTS */;
/*!40101 SET @OLD_COLLATION_CONNECTION=@@COLLATION_CONNECTION */;
/*!40101 SET NAMES utf8mb4 */;

--
-- База данных: `js`
--

-- --------------------------------------------------------

--
-- Структура таблицы `skill`
--

CREATE TABLE IF NOT EXISTS `skill` (
  `id` int(11) NOT NULL,
  `statistics_id` int(11) DEFAULT NULL,
  `name` varchar(255) DEFAULT NULL,
  `cluster` int(11) DEFAULT NULL
) ENGINE=InnoDB AUTO_INCREMENT=262 DEFAULT CHARSET=utf8;

--
-- Дамп данных таблицы `skill`
--

INSERT INTO `skill` (`id`, `statistics_id`, `name`, `cluster`) VALUES
(45, 5, 'Programming', 0),
(46, 5, 'Statistics', 0),
(47, 5, 'SQL', 1),
(48, 5, 'PerformanceTesting', 0),
(49, 5, 'DataAnalysis', 0),
(50, 5, 'Visio', 0),
(51, 5, 'Security', 0),
(52, 5, 'C++', 0),
(53, 5, 'Analyst', 2),
(54, 5, 'Administrator', 0),
(55, 5, 'ProjectManagement', 1),
(56, 5, 'Analytic', 0),
(57, 5, 'Excel', 1),
(58, 5, 'Reporting', 2),
(59, 5, 'Development', 0),
(60, 5, 'GO', 0),
(61, 5, 'MsOffice', 0),
(62, 5, 'VBA', 0),
(63, 5, 'Modeling', 0),
(64, 5, 'Design', 1),
(65, 5, 'Database', 2),
(66, 5, 'Finance', 0),
(67, 5, 'Analysis', 2),
(68, 5, 'Developer', 0),
(69, 5, 'Python', 0),
(70, 5, 'SAS', 0),
(71, 5, 'RiskManagement', 0),
(72, 5, 'Monitoring', 0),
(73, 6, 'Programming', 0),
(74, 6, 'Statistics', 0),
(75, 6, 'SQL', 1),
(76, 6, 'PerformanceTesting', 0),
(77, 6, 'DataAnalysis', 0),
(78, 6, 'Visio', 0),
(79, 6, 'Security', 0),
(80, 6, 'C++', 0),
(81, 6, 'Analyst', 2),
(82, 6, 'Administrator', 0),
(83, 6, 'ProjectManagement', 1),
(84, 6, 'Analytic', 0),
(85, 6, 'Excel', 1),
(86, 6, 'Reporting', 2),
(87, 6, 'Development', 0),
(88, 6, 'GO', 0),
(89, 6, 'MsOffice', 0),
(90, 6, 'VBA', 0),
(91, 6, 'Modeling', 0),
(92, 6, 'Design', 1),
(93, 6, 'Database', 2),
(94, 6, 'Finance', 0),
(95, 6, 'Analysis', 2),
(96, 6, 'Developer', 0),
(97, 6, 'Python', 0),
(98, 6, 'SAS', 0),
(99, 6, 'RiskManagement', 0),
(100, 6, 'Monitoring', 0),
(101, 7, 'Programming', 0),
(102, 7, 'Statistics', 0),
(103, 7, 'SQL', 1),
(104, 7, 'PerformanceTesting', 0),
(105, 7, 'DataAnalysis', 0),
(106, 7, 'Visio', 0),
(107, 7, 'Security', 0),
(108, 7, 'C++', 0),
(109, 7, 'Analyst', 2),
(110, 7, 'Administrator', 0),
(111, 7, 'ProjectManagement', 1),
(112, 7, 'Analytic', 0),
(113, 7, 'Excel', 1),
(114, 7, 'Reporting', 2),
(115, 7, 'Development', 0),
(116, 7, 'GO', 0),
(117, 7, 'MsOffice', 0),
(118, 7, 'VBA', 0),
(119, 7, 'Modeling', 0),
(120, 7, 'Design', 1),
(121, 7, 'Database', 2),
(122, 7, 'Finance', 0),
(123, 7, 'Analysis', 2),
(124, 7, 'Developer', 0),
(125, 7, 'Python', 0),
(126, 7, 'SAS', 0),
(127, 7, 'RiskManagement', 0),
(128, 7, 'Monitoring', 0),
(129, 8, 'Programming', 0),
(130, 8, 'Statistics', 0),
(131, 8, 'SQL', 1),
(132, 8, 'PerformanceTesting', 0),
(133, 8, 'DataAnalysis', 0),
(134, 8, 'Visio', 0),
(135, 8, 'Security', 0),
(136, 8, 'C++', 0),
(137, 8, 'Analyst', 2),
(138, 8, 'Administrator', 0),
(139, 8, 'ProjectManagement', 1),
(140, 8, 'Analytic', 0),
(141, 8, 'Excel', 1),
(142, 8, 'Reporting', 2),
(143, 8, 'Development', 0),
(144, 8, 'GO', 0),
(145, 8, 'MsOffice', 0),
(146, 8, 'VBA', 0),
(147, 8, 'Modeling', 0),
(148, 8, 'Design', 1),
(149, 8, 'Database', 2),
(150, 8, 'Finance', 0),
(151, 8, 'Analysis', 2),
(152, 8, 'Developer', 0),
(153, 8, 'Python', 0),
(154, 8, 'SAS', 0),
(155, 8, 'RiskManagement', 0),
(156, 8, 'Monitoring', 0),
(157, 1, 'Myriel', 1),
(158, 1, 'Napoleon', 1),
(159, 1, 'Mlle.Baptistine', 1),
(160, 1, 'Mme.Magloire', 1),
(161, 1, 'CountessdeLo', 1),
(162, 1, 'Geborand', 1),
(163, 1, 'Champtercier', 1),
(164, 1, 'Cravatte', 1),
(165, 1, 'Count', 1),
(166, 1, 'OldMan', 1),
(167, 1, 'Labarre', 2),
(168, 1, 'Valjean', 2),
(169, 1, 'Marguerite', 3),
(170, 1, 'Mme.deR', 2),
(171, 1, 'Isabeau', 2),
(172, 1, 'Gervais', 2),
(173, 1, 'Tholomyes', 3),
(174, 1, 'Listolier', 3),
(175, 1, 'Fameuil', 3),
(176, 1, 'Blacheville', 3),
(177, 1, 'Favourite', 3),
(178, 1, 'Dahlia', 3),
(179, 1, 'Zephine', 3),
(180, 1, 'Fantine', 3),
(181, 1, 'Mme.Thenardier', 4),
(182, 1, 'Thenardier', 4),
(183, 1, 'Cosette', 5),
(184, 1, 'Javert', 4),
(185, 1, 'Fauchelevent', 0),
(186, 1, 'Bamatabois', 2),
(187, 1, 'Perpetue', 3),
(188, 1, 'Simplice', 2),
(189, 1, 'Scaufflaire', 2),
(190, 1, 'Woman1', 2),
(191, 1, 'Judge', 2),
(192, 1, 'Champmathieu', 2),
(193, 1, 'Brevet', 2),
(194, 1, 'Chenildieu', 2),
(195, 1, 'Cochepaille', 2),
(196, 1, 'Pontmercy', 4),
(197, 1, 'Boulatruelle', 6),
(198, 1, 'Eponine', 4),
(199, 1, 'Anzelma', 4),
(200, 1, 'Woman2', 5),
(201, 1, 'MotherInnocent', 0),
(202, 1, 'Gribier', 0),
(203, 1, 'Jondrette', 7),
(204, 1, 'Mme.Burgon', 7),
(205, 1, 'Gavroche', 8),
(206, 1, 'Gillenormand', 5),
(207, 1, 'Magnon', 5),
(208, 1, 'Mlle.Gillenormand', 5),
(209, 1, 'Mme.Pontmercy', 5),
(210, 1, 'Mlle.Vaubois', 5),
(211, 1, 'Lt.Gillenormand', 5),
(212, 1, 'Marius', 8),
(213, 1, 'BaronessT', 5),
(214, 1, 'Mabeuf', 8),
(215, 1, 'Enjolras', 8),
(216, 1, 'Combeferre', 8),
(217, 1, 'Prouvaire', 8),
(218, 1, 'Feuilly', 8),
(219, 1, 'Courfeyrac', 8),
(220, 1, 'Bahorel', 8),
(221, 1, 'Bossuet', 8),
(222, 1, 'Joly', 8),
(223, 1, 'Grantaire', 8),
(224, 1, 'MotherPlutarch', 9),
(225, 1, 'Gueulemer', 4),
(226, 1, 'Babet', 4),
(227, 1, 'Claquesous', 4),
(228, 1, 'Montparnasse', 4),
(229, 1, 'Toussaint', 5),
(230, 1, 'Child1', 10),
(231, 1, 'Child2', 10),
(232, 1, 'Brujon', 4),
(233, 1, 'Mme.Hucheloup', 8),
(234, 9, 'Programming', 0),
(235, 9, 'Statistics', 0),
(236, 9, 'SQL', 1),
(237, 9, 'PerformanceTesting', 0),
(238, 9, 'DataAnalysis', 0),
(239, 9, 'Visio', 0),
(240, 9, 'Security', 0),
(241, 9, 'C++', 0),
(242, 9, 'Analyst', 2),
(243, 9, 'Administrator', 0),
(244, 9, 'ProjectManagement', 1),
(245, 9, 'Analytic', 0),
(246, 9, 'Excel', 1),
(247, 9, 'Reporting', 2),
(248, 9, 'Development', 0),
(249, 9, 'GO', 0),
(250, 9, 'MsOffice', 0),
(251, 9, 'VBA', 0),
(252, 9, 'Modeling', 0),
(253, 9, 'Design', 1),
(254, 9, 'Database', 2),
(255, 9, 'Finance', 0),
(256, 9, 'Analysis', 2),
(257, 9, 'Developer', 0),
(258, 9, 'Python', 0),
(259, 9, 'SAS', 0),
(260, 9, 'RiskManagement', 0),
(261, 9, 'Monitoring', 0);

-- --------------------------------------------------------

--
-- Структура таблицы `skill_connection`
--

CREATE TABLE IF NOT EXISTS `skill_connection` (
  `id` int(11) NOT NULL,
  `statistics_id` int(11) DEFAULT NULL,
  `skill1_id` int(11) DEFAULT NULL,
  `skill2_id` int(11) DEFAULT NULL
) ENGINE=InnoDB AUTO_INCREMENT=1361 DEFAULT CHARSET=utf8;

--
-- Дамп данных таблицы `skill_connection`
--

INSERT INTO `skill_connection` (`id`, `statistics_id`, `skill1_id`, `skill2_id`) VALUES
(273, 5, 45, 46),
(274, 5, 47, 48),
(275, 5, 49, 50),
(276, 5, 51, 52),
(277, 5, 53, 54),
(278, 5, 55, 54),
(279, 5, 56, 51),
(280, 5, 57, 58),
(281, 5, 59, 47),
(282, 5, 60, 61),
(283, 5, 57, 61),
(284, 5, 47, 53),
(285, 5, 57, 62),
(286, 5, 47, 55),
(287, 5, 45, 63),
(288, 5, 64, 49),
(289, 5, 58, 60),
(290, 5, 60, 55),
(291, 5, 59, 63),
(292, 5, 59, 57),
(293, 5, 47, 58),
(294, 5, 56, 65),
(295, 5, 66, 52),
(296, 5, 67, 64),
(297, 5, 53, 60),
(298, 5, 68, 48),
(299, 5, 69, 63),
(300, 5, 53, 63),
(301, 5, 47, 61),
(302, 5, 57, 53),
(303, 5, 70, 64),
(304, 5, 67, 52),
(305, 5, 57, 55),
(306, 5, 46, 69),
(307, 5, 67, 50),
(308, 5, 58, 54),
(309, 5, 59, 68),
(310, 5, 53, 46),
(311, 5, 64, 65),
(312, 5, 56, 67),
(313, 5, 57, 48),
(314, 5, 61, 54),
(315, 5, 53, 68),
(316, 5, 59, 46),
(317, 5, 55, 68),
(318, 5, 56, 66),
(319, 5, 65, 52),
(320, 5, 66, 51),
(321, 5, 60, 54),
(322, 5, 67, 51),
(323, 5, 47, 68),
(324, 5, 57, 54),
(325, 5, 58, 55),
(326, 5, 59, 45),
(327, 5, 71, 66),
(328, 5, 47, 60),
(329, 5, 53, 58),
(330, 5, 67, 49),
(331, 5, 72, 71),
(332, 5, 55, 61),
(333, 5, 45, 69),
(334, 5, 67, 71),
(335, 5, 45, 53),
(336, 5, 65, 51),
(337, 5, 53, 61),
(338, 5, 57, 47),
(339, 5, 53, 62),
(340, 5, 67, 72),
(341, 5, 59, 55),
(342, 5, 57, 60),
(343, 5, 70, 67),
(344, 5, 59, 69),
(345, 5, 67, 66),
(346, 5, 58, 61),
(347, 5, 59, 53),
(348, 5, 58, 62),
(349, 5, 53, 55),
(350, 5, 72, 66),
(351, 5, 53, 69),
(352, 5, 70, 65),
(353, 5, 59, 48),
(354, 5, 56, 52),
(355, 5, 46, 63),
(356, 5, 65, 66),
(357, 5, 64, 50),
(358, 5, 55, 48),
(359, 5, 53, 48),
(360, 5, 67, 65),
(361, 5, 57, 68),
(362, 5, 47, 54),
(363, 5, 46, 51),
(364, 5, 70, 47),
(365, 5, 64, 61),
(366, 5, 57, 49),
(367, 5, 57, 71),
(368, 5, 58, 64),
(369, 5, 65, 54),
(370, 5, 45, 52),
(371, 5, 47, 67),
(372, 5, 70, 54),
(373, 5, 49, 68),
(374, 5, 45, 56),
(375, 5, 51, 63),
(376, 5, 56, 58),
(377, 5, 47, 65),
(378, 5, 67, 54),
(379, 5, 64, 48),
(380, 5, 56, 69),
(381, 5, 60, 65),
(382, 5, 55, 50),
(383, 5, 53, 56),
(384, 5, 53, 50),
(385, 5, 67, 46),
(386, 5, 59, 56),
(387, 5, 59, 50),
(388, 5, 46, 66),
(389, 5, 65, 63),
(390, 5, 57, 65),
(391, 5, 67, 68),
(392, 5, 57, 72),
(393, 5, 59, 52),
(394, 5, 53, 64),
(395, 5, 57, 70),
(396, 5, 67, 60),
(397, 5, 64, 55),
(398, 5, 57, 66),
(399, 5, 46, 65),
(400, 5, 66, 63),
(401, 5, 47, 49),
(402, 5, 50, 48),
(403, 5, 53, 52),
(404, 5, 59, 64),
(405, 5, 52, 69),
(406, 5, 57, 67),
(407, 5, 70, 60),
(408, 5, 67, 63),
(409, 5, 66, 62),
(410, 5, 53, 49),
(411, 5, 67, 58),
(412, 5, 72, 62),
(413, 5, 49, 55),
(414, 5, 45, 66),
(415, 5, 47, 64),
(416, 5, 70, 61),
(417, 5, 58, 66),
(418, 5, 59, 49),
(419, 5, 67, 62),
(420, 5, 67, 61),
(421, 5, 58, 72),
(422, 5, 53, 71),
(423, 5, 45, 67),
(424, 5, 70, 58),
(425, 5, 47, 50),
(426, 5, 49, 48),
(427, 5, 58, 65),
(428, 5, 59, 51),
(429, 5, 64, 54),
(430, 5, 65, 61),
(431, 5, 45, 65),
(432, 5, 53, 51),
(433, 5, 51, 69),
(434, 5, 57, 50),
(435, 5, 59, 65),
(436, 5, 46, 52),
(437, 5, 64, 68),
(438, 5, 56, 63),
(439, 5, 45, 51),
(440, 5, 53, 65),
(441, 5, 67, 48),
(442, 5, 65, 69),
(443, 5, 65, 55),
(444, 5, 70, 55),
(445, 5, 50, 68),
(446, 5, 53, 66),
(447, 5, 59, 67),
(448, 5, 66, 69),
(449, 5, 58, 71),
(450, 5, 53, 72),
(451, 5, 57, 64),
(452, 5, 70, 53),
(453, 5, 59, 66),
(454, 5, 67, 69),
(455, 5, 53, 67),
(456, 5, 64, 60),
(457, 5, 71, 62),
(458, 5, 52, 63),
(459, 5, 67, 55),
(460, 5, 56, 46),
(461, 6, 47, 55),
(462, 6, 57, 55),
(463, 6, 53, 58),
(464, 6, 67, 65),
(465, 6, 64, 55),
(466, 6, 57, 67),
(467, 6, 53, 65),
(468, 6, 67, 55),
(469, 7, 47, 55),
(470, 7, 57, 55),
(471, 7, 53, 58),
(472, 7, 67, 65),
(473, 7, 64, 55),
(474, 7, 57, 67),
(475, 7, 53, 65),
(476, 7, 67, 55),
(477, 8, 129, 130),
(478, 8, 131, 132),
(479, 8, 133, 134),
(480, 8, 135, 136),
(481, 8, 137, 138),
(482, 8, 139, 138),
(483, 8, 140, 135),
(484, 8, 141, 142),
(485, 8, 143, 131),
(486, 8, 144, 145),
(487, 8, 141, 145),
(488, 8, 131, 137),
(489, 8, 141, 146),
(490, 8, 131, 139),
(491, 8, 129, 147),
(492, 8, 148, 133),
(493, 8, 142, 144),
(494, 8, 144, 139),
(495, 8, 143, 147),
(496, 8, 143, 141),
(497, 8, 131, 142),
(498, 8, 140, 149),
(499, 8, 150, 136),
(500, 8, 151, 148),
(501, 8, 137, 144),
(502, 8, 152, 132),
(503, 8, 153, 147),
(504, 8, 137, 147),
(505, 8, 131, 145),
(506, 8, 141, 137),
(507, 8, 154, 148),
(508, 8, 151, 136),
(509, 8, 141, 139),
(510, 8, 130, 153),
(511, 8, 151, 134),
(512, 8, 142, 138),
(513, 8, 143, 152),
(514, 8, 137, 130),
(515, 8, 148, 149),
(516, 8, 140, 151),
(517, 8, 141, 132),
(518, 8, 145, 138),
(519, 8, 137, 152),
(520, 8, 143, 130),
(521, 8, 139, 152),
(522, 8, 140, 150),
(523, 8, 149, 136),
(524, 8, 150, 135),
(525, 8, 144, 138),
(526, 8, 151, 135),
(527, 8, 131, 152),
(528, 8, 141, 138),
(529, 8, 142, 139),
(530, 8, 143, 129),
(531, 8, 155, 150),
(532, 8, 131, 144),
(533, 8, 137, 142),
(534, 8, 151, 133),
(535, 8, 156, 155),
(536, 8, 139, 145),
(537, 8, 129, 153),
(538, 8, 151, 155),
(539, 8, 129, 137),
(540, 8, 149, 135),
(541, 8, 137, 145),
(542, 8, 141, 131),
(543, 8, 137, 146),
(544, 8, 151, 156),
(545, 8, 143, 139),
(546, 8, 141, 144),
(547, 8, 154, 151),
(548, 8, 143, 153),
(549, 8, 151, 150),
(550, 8, 142, 145),
(551, 8, 143, 137),
(552, 8, 142, 146),
(553, 8, 137, 139),
(554, 8, 156, 150),
(555, 8, 137, 153),
(556, 8, 154, 149),
(557, 8, 143, 132),
(558, 8, 140, 136),
(559, 8, 130, 147),
(560, 8, 149, 150),
(561, 8, 148, 134),
(562, 8, 139, 132),
(563, 8, 137, 132),
(564, 8, 151, 149),
(565, 8, 141, 152),
(566, 8, 131, 138),
(567, 8, 130, 135),
(568, 8, 154, 131),
(569, 8, 148, 145),
(570, 8, 141, 133),
(571, 8, 141, 155),
(572, 8, 142, 148),
(573, 8, 149, 138),
(574, 8, 129, 136),
(575, 8, 131, 151),
(576, 8, 154, 138),
(577, 8, 133, 152),
(578, 8, 129, 140),
(579, 8, 135, 147),
(580, 8, 140, 142),
(581, 8, 131, 149),
(582, 8, 151, 138),
(583, 8, 148, 132),
(584, 8, 140, 153),
(585, 8, 144, 149),
(586, 8, 139, 134),
(587, 8, 137, 140),
(588, 8, 137, 134),
(589, 8, 151, 130),
(590, 8, 143, 140),
(591, 8, 143, 134),
(592, 8, 130, 150),
(593, 8, 149, 147),
(594, 8, 141, 149),
(595, 8, 151, 152),
(596, 8, 141, 156),
(597, 8, 143, 136),
(598, 8, 137, 148),
(599, 8, 141, 154),
(600, 8, 151, 144),
(601, 8, 148, 139),
(602, 8, 141, 150),
(603, 8, 130, 149),
(604, 8, 150, 147),
(605, 8, 131, 133),
(606, 8, 134, 132),
(607, 8, 137, 136),
(608, 8, 143, 148),
(609, 8, 136, 153),
(610, 8, 141, 151),
(611, 8, 154, 144),
(612, 8, 151, 147),
(613, 8, 150, 146),
(614, 8, 137, 133),
(615, 8, 151, 142),
(616, 8, 156, 146),
(617, 8, 133, 139),
(618, 8, 129, 150),
(619, 8, 131, 148),
(620, 8, 154, 145),
(621, 8, 142, 150),
(622, 8, 143, 133),
(623, 8, 151, 146),
(624, 8, 151, 145),
(625, 8, 142, 156),
(626, 8, 137, 155),
(627, 8, 129, 151),
(628, 8, 154, 142),
(629, 8, 131, 134),
(630, 8, 133, 132),
(631, 8, 142, 149),
(632, 8, 143, 135),
(633, 8, 148, 138),
(634, 8, 149, 145),
(635, 8, 129, 149),
(636, 8, 137, 135),
(637, 8, 135, 153),
(638, 8, 141, 134),
(639, 8, 143, 149),
(640, 8, 130, 136),
(641, 8, 148, 152),
(642, 8, 140, 147),
(643, 8, 129, 135),
(644, 8, 137, 149),
(645, 8, 151, 132),
(646, 8, 149, 153),
(647, 8, 149, 139),
(648, 8, 154, 139),
(649, 8, 134, 152),
(650, 8, 137, 150),
(651, 8, 143, 151),
(652, 8, 150, 153),
(653, 8, 142, 155),
(654, 8, 137, 156),
(655, 8, 141, 148),
(656, 8, 154, 137),
(657, 8, 143, 150),
(658, 8, 151, 153),
(659, 8, 137, 151),
(660, 8, 148, 144),
(661, 8, 155, 146),
(662, 8, 136, 147),
(663, 8, 151, 139),
(664, 8, 140, 130),
(919, 1, 158, 157),
(920, 1, 159, 157),
(921, 1, 160, 157),
(922, 1, 160, 159),
(923, 1, 161, 157),
(924, 1, 162, 157),
(925, 1, 163, 157),
(926, 1, 164, 157),
(927, 1, 165, 157),
(928, 1, 166, 157),
(929, 1, 168, 167),
(930, 1, 168, 160),
(931, 1, 168, 159),
(932, 1, 168, 157),
(933, 1, 169, 168),
(934, 1, 170, 168),
(935, 1, 171, 168),
(936, 1, 172, 168),
(937, 1, 174, 173),
(938, 1, 175, 173),
(939, 1, 175, 174),
(940, 1, 176, 173),
(941, 1, 176, 174),
(942, 1, 176, 175),
(943, 1, 177, 173),
(944, 1, 177, 174),
(945, 1, 177, 175),
(946, 1, 177, 176),
(947, 1, 178, 173),
(948, 1, 178, 174),
(949, 1, 178, 175),
(950, 1, 178, 176),
(951, 1, 178, 177),
(952, 1, 179, 173),
(953, 1, 179, 174),
(954, 1, 179, 175),
(955, 1, 179, 176),
(956, 1, 179, 177),
(957, 1, 179, 178),
(958, 1, 180, 173),
(959, 1, 180, 174),
(960, 1, 180, 175),
(961, 1, 180, 176),
(962, 1, 180, 177),
(963, 1, 180, 178),
(964, 1, 180, 179),
(965, 1, 180, 169),
(966, 1, 180, 168),
(967, 1, 181, 180),
(968, 1, 181, 168),
(969, 1, 182, 181),
(970, 1, 182, 180),
(971, 1, 182, 168),
(972, 1, 183, 181),
(973, 1, 183, 168),
(974, 1, 183, 173),
(975, 1, 183, 182),
(976, 1, 184, 168),
(977, 1, 184, 180),
(978, 1, 184, 182),
(979, 1, 184, 181),
(980, 1, 184, 183),
(981, 1, 185, 168),
(982, 1, 185, 184),
(983, 1, 186, 180),
(984, 1, 186, 184),
(985, 1, 186, 168),
(986, 1, 187, 180),
(987, 1, 188, 187),
(988, 1, 188, 168),
(989, 1, 188, 180),
(990, 1, 188, 184),
(991, 1, 189, 168),
(992, 1, 190, 168),
(993, 1, 190, 184),
(994, 1, 191, 168),
(995, 1, 191, 186),
(996, 1, 192, 168),
(997, 1, 192, 191),
(998, 1, 192, 186),
(999, 1, 193, 191),
(1000, 1, 193, 192),
(1001, 1, 193, 168),
(1002, 1, 193, 186),
(1003, 1, 194, 191),
(1004, 1, 194, 192),
(1005, 1, 194, 193),
(1006, 1, 194, 168),
(1007, 1, 194, 186),
(1008, 1, 195, 191),
(1009, 1, 195, 192),
(1010, 1, 195, 193),
(1011, 1, 195, 194),
(1012, 1, 195, 168),
(1013, 1, 195, 186),
(1014, 1, 196, 182),
(1015, 1, 197, 182),
(1016, 1, 198, 181),
(1017, 1, 198, 182),
(1018, 1, 199, 198),
(1019, 1, 199, 182),
(1020, 1, 199, 181),
(1021, 1, 200, 168),
(1022, 1, 200, 183),
(1023, 1, 200, 184),
(1024, 1, 201, 185),
(1025, 1, 201, 168),
(1026, 1, 202, 185),
(1027, 1, 204, 203),
(1028, 1, 205, 204),
(1029, 1, 205, 182),
(1030, 1, 205, 184),
(1031, 1, 205, 168),
(1032, 1, 206, 183),
(1033, 1, 206, 168),
(1034, 1, 207, 206),
(1035, 1, 207, 181),
(1036, 1, 208, 206),
(1037, 1, 208, 183),
(1038, 1, 208, 168),
(1039, 1, 209, 208),
(1040, 1, 209, 196),
(1041, 1, 210, 208),
(1042, 1, 211, 208),
(1043, 1, 211, 206),
(1044, 1, 211, 183),
(1045, 1, 212, 208),
(1046, 1, 212, 206),
(1047, 1, 212, 196),
(1048, 1, 212, 211),
(1049, 1, 212, 183),
(1050, 1, 212, 168),
(1051, 1, 212, 173),
(1052, 1, 212, 182),
(1053, 1, 212, 198),
(1054, 1, 212, 205),
(1055, 1, 213, 206),
(1056, 1, 213, 212),
(1057, 1, 214, 212),
(1058, 1, 214, 198),
(1059, 1, 214, 205),
(1060, 1, 215, 212),
(1061, 1, 215, 205),
(1062, 1, 215, 184),
(1063, 1, 215, 214),
(1064, 1, 215, 168),
(1065, 1, 216, 215),
(1066, 1, 216, 212),
(1067, 1, 216, 205),
(1068, 1, 216, 214),
(1069, 1, 217, 205),
(1070, 1, 217, 215),
(1071, 1, 217, 216),
(1072, 1, 218, 205),
(1073, 1, 218, 215),
(1074, 1, 218, 217),
(1075, 1, 218, 216),
(1076, 1, 218, 214),
(1077, 1, 218, 212),
(1078, 1, 219, 212),
(1079, 1, 219, 215),
(1080, 1, 219, 216),
(1081, 1, 219, 205),
(1082, 1, 219, 214),
(1083, 1, 219, 198),
(1084, 1, 219, 218),
(1085, 1, 219, 217),
(1086, 1, 220, 216),
(1087, 1, 220, 205),
(1088, 1, 220, 219),
(1089, 1, 220, 214),
(1090, 1, 220, 215),
(1091, 1, 220, 218),
(1092, 1, 220, 217),
(1093, 1, 220, 212),
(1094, 1, 221, 212),
(1095, 1, 221, 219),
(1096, 1, 221, 205),
(1097, 1, 221, 220),
(1098, 1, 221, 215),
(1099, 1, 221, 218),
(1100, 1, 221, 217),
(1101, 1, 221, 216),
(1102, 1, 221, 214),
(1103, 1, 221, 168),
(1104, 1, 222, 220),
(1105, 1, 222, 221),
(1106, 1, 222, 205),
(1107, 1, 222, 219),
(1108, 1, 222, 215),
(1109, 1, 222, 218),
(1110, 1, 222, 217),
(1111, 1, 222, 216),
(1112, 1, 222, 214),
(1113, 1, 222, 212),
(1114, 1, 223, 221),
(1115, 1, 223, 215),
(1116, 1, 223, 216),
(1117, 1, 223, 219),
(1118, 1, 223, 222),
(1119, 1, 223, 205),
(1120, 1, 223, 220),
(1121, 1, 223, 218),
(1122, 1, 223, 217),
(1123, 1, 224, 214),
(1124, 1, 225, 182),
(1125, 1, 225, 168),
(1126, 1, 225, 181),
(1127, 1, 225, 184),
(1128, 1, 225, 205),
(1129, 1, 225, 198),
(1130, 1, 226, 182),
(1131, 1, 226, 225),
(1132, 1, 226, 168),
(1133, 1, 226, 181),
(1134, 1, 226, 184),
(1135, 1, 226, 205),
(1136, 1, 226, 198),
(1137, 1, 227, 182),
(1138, 1, 227, 226),
(1139, 1, 227, 225),
(1140, 1, 227, 168),
(1141, 1, 227, 181),
(1142, 1, 227, 184),
(1143, 1, 227, 198),
(1144, 1, 227, 215),
(1145, 1, 228, 184),
(1146, 1, 228, 226),
(1147, 1, 228, 225),
(1148, 1, 228, 227),
(1149, 1, 228, 168),
(1150, 1, 228, 205),
(1151, 1, 228, 198),
(1152, 1, 228, 182),
(1153, 1, 229, 183),
(1154, 1, 229, 184),
(1155, 1, 229, 168),
(1156, 1, 230, 205),
(1157, 1, 231, 205),
(1158, 1, 231, 230),
(1159, 1, 232, 226),
(1160, 1, 232, 225),
(1161, 1, 232, 182),
(1162, 1, 232, 205),
(1163, 1, 232, 198),
(1164, 1, 232, 227),
(1165, 1, 232, 228),
(1166, 1, 233, 221),
(1167, 1, 233, 222),
(1168, 1, 233, 223),
(1169, 1, 233, 220),
(1170, 1, 233, 219),
(1171, 1, 233, 205),
(1172, 1, 233, 215),
(1173, 9, 234, 235),
(1174, 9, 236, 237),
(1175, 9, 238, 239),
(1176, 9, 240, 241),
(1177, 9, 242, 243),
(1178, 9, 244, 243),
(1179, 9, 245, 240),
(1180, 9, 246, 247),
(1181, 9, 248, 236),
(1182, 9, 249, 250),
(1183, 9, 246, 250),
(1184, 9, 236, 242),
(1185, 9, 246, 251),
(1186, 9, 236, 244),
(1187, 9, 234, 252),
(1188, 9, 253, 238),
(1189, 9, 247, 249),
(1190, 9, 249, 244),
(1191, 9, 248, 252),
(1192, 9, 248, 246),
(1193, 9, 236, 247),
(1194, 9, 245, 254),
(1195, 9, 255, 241),
(1196, 9, 256, 253),
(1197, 9, 242, 249),
(1198, 9, 257, 237),
(1199, 9, 258, 252),
(1200, 9, 242, 252),
(1201, 9, 236, 250),
(1202, 9, 246, 242),
(1203, 9, 259, 253),
(1204, 9, 256, 241),
(1205, 9, 246, 244),
(1206, 9, 235, 258),
(1207, 9, 256, 239),
(1208, 9, 247, 243),
(1209, 9, 248, 257),
(1210, 9, 242, 235),
(1211, 9, 253, 254),
(1212, 9, 245, 256),
(1213, 9, 246, 237),
(1214, 9, 250, 243),
(1215, 9, 242, 257),
(1216, 9, 248, 235),
(1217, 9, 244, 257),
(1218, 9, 245, 255),
(1219, 9, 254, 241),
(1220, 9, 255, 240),
(1221, 9, 249, 243),
(1222, 9, 256, 240),
(1223, 9, 236, 257),
(1224, 9, 246, 243),
(1225, 9, 247, 244),
(1226, 9, 248, 234),
(1227, 9, 260, 255),
(1228, 9, 236, 249),
(1229, 9, 242, 247),
(1230, 9, 256, 238),
(1231, 9, 261, 260),
(1232, 9, 244, 250),
(1233, 9, 234, 258),
(1234, 9, 256, 260),
(1235, 9, 234, 242),
(1236, 9, 254, 240),
(1237, 9, 242, 250),
(1238, 9, 246, 236),
(1239, 9, 242, 251),
(1240, 9, 256, 261),
(1241, 9, 248, 244),
(1242, 9, 246, 249),
(1243, 9, 259, 256),
(1244, 9, 248, 258),
(1245, 9, 256, 255),
(1246, 9, 247, 250),
(1247, 9, 248, 242),
(1248, 9, 247, 251),
(1249, 9, 242, 244),
(1250, 9, 261, 255),
(1251, 9, 242, 258),
(1252, 9, 259, 254),
(1253, 9, 248, 237),
(1254, 9, 245, 241),
(1255, 9, 235, 252),
(1256, 9, 254, 255),
(1257, 9, 253, 239),
(1258, 9, 244, 237),
(1259, 9, 242, 237),
(1260, 9, 256, 254),
(1261, 9, 246, 257),
(1262, 9, 236, 243),
(1263, 9, 235, 240),
(1264, 9, 259, 236),
(1265, 9, 253, 250),
(1266, 9, 246, 238),
(1267, 9, 246, 260),
(1268, 9, 247, 253),
(1269, 9, 254, 243),
(1270, 9, 234, 241),
(1271, 9, 236, 256),
(1272, 9, 259, 243),
(1273, 9, 238, 257),
(1274, 9, 234, 245),
(1275, 9, 240, 252),
(1276, 9, 245, 247),
(1277, 9, 236, 254),
(1278, 9, 256, 243),
(1279, 9, 253, 237),
(1280, 9, 245, 258),
(1281, 9, 249, 254),
(1282, 9, 244, 239),
(1283, 9, 242, 245),
(1284, 9, 242, 239),
(1285, 9, 256, 235),
(1286, 9, 248, 245),
(1287, 9, 248, 239),
(1288, 9, 235, 255),
(1289, 9, 254, 252),
(1290, 9, 246, 254),
(1291, 9, 256, 257),
(1292, 9, 246, 261),
(1293, 9, 248, 241),
(1294, 9, 242, 253),
(1295, 9, 246, 259),
(1296, 9, 256, 249),
(1297, 9, 253, 244),
(1298, 9, 246, 255),
(1299, 9, 235, 254),
(1300, 9, 255, 252),
(1301, 9, 236, 238),
(1302, 9, 239, 237),
(1303, 9, 242, 241),
(1304, 9, 248, 253),
(1305, 9, 241, 258),
(1306, 9, 246, 256),
(1307, 9, 259, 249),
(1308, 9, 256, 252),
(1309, 9, 255, 251),
(1310, 9, 242, 238),
(1311, 9, 256, 247),
(1312, 9, 261, 251),
(1313, 9, 238, 244),
(1314, 9, 234, 255),
(1315, 9, 236, 253),
(1316, 9, 259, 250),
(1317, 9, 247, 255),
(1318, 9, 248, 238),
(1319, 9, 256, 251),
(1320, 9, 256, 250),
(1321, 9, 247, 261),
(1322, 9, 242, 260),
(1323, 9, 234, 256),
(1324, 9, 259, 247),
(1325, 9, 236, 239),
(1326, 9, 238, 237),
(1327, 9, 247, 254),
(1328, 9, 248, 240),
(1329, 9, 253, 243),
(1330, 9, 254, 250),
(1331, 9, 234, 254),
(1332, 9, 242, 240),
(1333, 9, 240, 258),
(1334, 9, 246, 239),
(1335, 9, 248, 254),
(1336, 9, 235, 241),
(1337, 9, 253, 257),
(1338, 9, 245, 252),
(1339, 9, 234, 240),
(1340, 9, 242, 254),
(1341, 9, 256, 237),
(1342, 9, 254, 258),
(1343, 9, 254, 244),
(1344, 9, 259, 244),
(1345, 9, 239, 257),
(1346, 9, 242, 255),
(1347, 9, 248, 256),
(1348, 9, 255, 258),
(1349, 9, 247, 260),
(1350, 9, 242, 261),
(1351, 9, 246, 253),
(1352, 9, 259, 242),
(1353, 9, 248, 255),
(1354, 9, 256, 258),
(1355, 9, 242, 256),
(1356, 9, 253, 249),
(1357, 9, 260, 251),
(1358, 9, 241, 252),
(1359, 9, 256, 244),
(1360, 9, 245, 235);

-- --------------------------------------------------------

--
-- Структура таблицы `statistics`
--

CREATE TABLE IF NOT EXISTS `statistics` (
  `id` int(11) NOT NULL,
  `date` date DEFAULT NULL,
  `enabled` int(255) DEFAULT NULL
) ENGINE=InnoDB AUTO_INCREMENT=10 DEFAULT CHARSET=utf8;

--
-- Дамп данных таблицы `statistics`
--

INSERT INTO `statistics` (`id`, `date`, `enabled`) VALUES
(1, '2017-06-00', 1),
(5, '2017-08-00', 1),
(6, '2017-09-00', 1),
(7, '2017-10-00', 1),
(8, '2017-10-00', 1),
(9, '2016-11-00', 1);

--
-- Индексы сохранённых таблиц
--

--
-- Индексы таблицы `skill`
--
ALTER TABLE `skill`
  ADD PRIMARY KEY (`id`),
  ADD KEY `statistics_id` (`statistics_id`);

--
-- Индексы таблицы `skill_connection`
--
ALTER TABLE `skill_connection`
  ADD PRIMARY KEY (`id`),
  ADD KEY `skill1_id` (`skill1_id`),
  ADD KEY `skill2_id` (`skill2_id`),
  ADD KEY `statistics_id` (`statistics_id`);

--
-- Индексы таблицы `statistics`
--
ALTER TABLE `statistics`
  ADD PRIMARY KEY (`id`);

--
-- AUTO_INCREMENT для сохранённых таблиц
--

--
-- AUTO_INCREMENT для таблицы `skill`
--
ALTER TABLE `skill`
  MODIFY `id` int(11) NOT NULL AUTO_INCREMENT,AUTO_INCREMENT=262;
--
-- AUTO_INCREMENT для таблицы `skill_connection`
--
ALTER TABLE `skill_connection`
  MODIFY `id` int(11) NOT NULL AUTO_INCREMENT,AUTO_INCREMENT=1361;
--
-- AUTO_INCREMENT для таблицы `statistics`
--
ALTER TABLE `statistics`
  MODIFY `id` int(11) NOT NULL AUTO_INCREMENT,AUTO_INCREMENT=10;
--
-- Ограничения внешнего ключа сохраненных таблиц
--

--
-- Ограничения внешнего ключа таблицы `skill`
--
ALTER TABLE `skill`
  ADD CONSTRAINT `skill_ibfk_1` FOREIGN KEY (`statistics_id`) REFERENCES `statistics` (`id`) ON DELETE CASCADE ON UPDATE CASCADE;

--
-- Ограничения внешнего ключа таблицы `skill_connection`
--
ALTER TABLE `skill_connection`
  ADD CONSTRAINT `skill_connection_ibfk_1` FOREIGN KEY (`skill1_id`) REFERENCES `skill` (`id`) ON DELETE CASCADE ON UPDATE CASCADE,
  ADD CONSTRAINT `skill_connection_ibfk_2` FOREIGN KEY (`skill2_id`) REFERENCES `skill` (`id`) ON DELETE CASCADE ON UPDATE CASCADE,
  ADD CONSTRAINT `skill_connection_ibfk_3` FOREIGN KEY (`statistics_id`) REFERENCES `statistics` (`id`) ON DELETE CASCADE ON UPDATE CASCADE;

/*!40101 SET CHARACTER_SET_CLIENT=@OLD_CHARACTER_SET_CLIENT */;
/*!40101 SET CHARACTER_SET_RESULTS=@OLD_CHARACTER_SET_RESULTS */;
/*!40101 SET COLLATION_CONNECTION=@OLD_COLLATION_CONNECTION */;
