-- phpMyAdmin SQL Dump
-- version 4.6.4
-- https://www.phpmyadmin.net/
--
-- Host: 127.0.0.1
-- Generation Time: 2017-11-21 11:51:17
-- 服务器版本： 5.7.14
-- PHP Version: 5.6.25

SET SQL_MODE = "NO_AUTO_VALUE_ON_ZERO";
SET time_zone = "+00:00";


/*!40101 SET @OLD_CHARACTER_SET_CLIENT=@@CHARACTER_SET_CLIENT */;
/*!40101 SET @OLD_CHARACTER_SET_RESULTS=@@CHARACTER_SET_RESULTS */;
/*!40101 SET @OLD_COLLATION_CONNECTION=@@COLLATION_CONNECTION */;
/*!40101 SET NAMES utf8mb4 */;

--
-- Database: `js`
--

-- --------------------------------------------------------

--
-- 表的结构 `skill`
--

CREATE TABLE `skill` (
  `id` int(11) NOT NULL,
  `statistics_id` int(11) DEFAULT NULL,
  `name` varchar(255) DEFAULT NULL,
  `cluster` int(11) DEFAULT '0',
  `occurrence` int(11) NOT NULL DEFAULT '1'
) ENGINE=InnoDB DEFAULT CHARSET=utf8;

--
-- 转存表中的数据 `skill`
--

INSERT INTO `skill` (`id`, `statistics_id`, `name`, `cluster`, `occurrence`) VALUES
(1456, 60, 'DataMining', 3, 11),
(1457, 60, 'BigData', 3, 15),
(1458, 60, 'Development', 0, 6),
(1459, 60, 'Architect', 0, 5),
(1460, 60, 'Assurance', 0, 1),
(1461, 60, 'Robotics', 0, 1),
(1462, 60, 'R', 0, 21),
(1463, 60, 'Elasticsearch', 0, 5),
(1464, 60, 'Mahout', 0, 2),
(1465, 60, 'MapReduce', 0, 1),
(1466, 60, 'Geolocation', 0, 1),
(1467, 60, 'Tableau', 0, 1),
(1468, 60, 'Hadoop', 0, 4),
(1469, 60, 'Spark', 0, 2),
(1470, 60, 'RDF', 0, 3),
(1471, 60, 'Oracle', 0, 3),
(1472, 60, 'NoSQL', 0, 2),
(1473, 60, 'SQL', 0, 7),
(1474, 60, 'Database', 0, 2),
(1475, 60, 'Memcached', 0, 7),
(1476, 60, 'FrontEnd', 2, 24),
(1477, 60, 'MySQL', 0, 6),
(1478, 60, 'Monitoring', 0, 5),
(1479, 60, 'Redis', 0, 7),
(1480, 60, 'RabbitMQ', 0, 6),
(1481, 60, 'ReactJS', 0, 1),
(1482, 60, 'PHP', 0, 9),
(1483, 60, 'jQuery', 2, 20),
(1484, 60, 'Symfony', 0, 2),
(1485, 60, 'Doctrine', 0, 4),
(1486, 60, 'Zend', 0, 1),
(1487, 60, 'DataEngineer', 0, 3),
(1488, 60, 'SoftwareEngineer', 0, 3),
(1489, 60, 'Solr', 0, 2),
(1490, 60, 'Java', 0, 3),
(1491, 60, 'HTML', 0, 5),
(1492, 60, 'CSS', 4, 9),
(1493, 60, 'JavaScript', 4, 10),
(1494, 60, 'Apache', 0, 1),
(1495, 60, 'Backend', 0, 2),
(1496, 60, 'Developer', 4, 27),
(1497, 60, 'Backbone', 0, 3),
(1498, 60, 'React', 0, 3),
(1499, 60, 'CentOS', 0, 4),
(1500, 60, 'Linux', 0, 5),
(1501, 60, 'RHEL', 0, 1),
(1502, 60, 'Tools', 0, 7),
(1503, 60, 'Chef', 0, 1),
(1504, 60, 'Ansible', 0, 1),
(1505, 60, 'DevOps', 1, 23),
(1506, 60, 'SaltStack', 0, 1),
(1507, 60, 'Puppet', 0, 1),
(1508, 60, 'VMware', 0, 1),
(1509, 60, 'Hardware', 0, 1),
(1510, 60, 'Lucene', 0, 2),
(1511, 60, 'HBase', 0, 3),
(1512, 60, 'Hive', 0, 1),
(1513, 60, 'Pig', 0, 3),
(1514, 60, 'Cassandra', 0, 2),
(1515, 60, 'Kafka', 0, 1),
(1516, 60, 'Python', 0, 7),
(1517, 60, 'NLP', 0, 2),
(1518, 60, 'Riak', 0, 1),
(1519, 60, 'ZeroMQ', 0, 1),
(1520, 60, 'Neo4j', 0, 1),
(1521, 60, 'Storm', 0, 1),
(1522, 60, 'MongoDB', 0, 1),
(1523, 60, 'Mockito', 0, 1),
(1524, 60, 'jUnit', 0, 1),
(1525, 60, 'JBehave', 0, 1),
(1526, 60, 'Testing', 0, 1),
(1527, 60, 'Scrum', 0, 8),
(1528, 60, 'UserInterface', 0, 2),
(1529, 60, 'LeSS', 4, 90),
(1530, 60, 'Gulp', 0, 2),
(1531, 60, 'Angular', 0, 5),
(1532, 60, 'Balsamiq', 0, 2),
(1533, 60, 'Photoshop', 2, 14),
(1534, 60, 'Sass', 2, 23),
(1535, 60, 'OOP', 0, 2),
(1536, 60, 'Git', 2, 15),
(1537, 60, 'Design', 2, 18),
(1538, 60, 'Marketing', 0, 2),
(1539, 60, 'ExtJS', 0, 3),
(1540, 60, 'AngularJS', 0, 2),
(1541, 60, 'WebSecurity', 0, 1),
(1542, 60, 'HTML5', 0, 4),
(1543, 60, 'UX', 0, 4),
(1544, 60, 'CSS3', 0, 2),
(1545, 60, 'Network', 0, 2),
(1546, 60, 'Jira', 0, 1),
(1547, 60, 'AJAX', 0, 1),
(1548, 60, 'Magento', 0, 1),
(1549, 60, 'Wordpress', 0, 1),
(1550, 60, 'BizTalk', 0, 1),
(1551, 60, 'TypeScript', 0, 2),
(1552, 60, 'JSON', 0, 1),
(1553, 60, 'REST', 0, 1),
(1554, 60, 'Security', 0, 1),
(1555, 60, 'SVN', 0, 1),
(1556, 60, 'Node.js', 0, 1),
(1557, 60, 'BusinessIntelligence', 0, 2),
(1558, 60, 'MachineLearning', 0, 4),
(1559, 60, 'Microservices', 1, 16),
(1560, 60, 'Cloud', 1, 24),
(1561, 60, 'Automation', 1, 22),
(1562, 60, 'ScrumMaster', 1, 8),
(1563, 60, 'DSL', 0, 1),
(1564, 60, 'Modeling', 0, 1),
(1565, 60, 'FunctionalProgramming', 0, 1),
(1566, 60, 'Scala', 0, 1),
(1567, 60, 'DataDriven', 0, 1),
(1568, 60, 'Reporting', 0, 1),
(1569, 60, 'ERP', 0, 5),
(1570, 60, 'ResponsiveDesign', 0, 1),
(1571, 60, 'HTTP', 0, 1),
(1572, 60, 'DOM', 0, 1),
(1573, 60, 'Windows', 0, 2),
(1574, 60, 'C', 0, 1),
(1575, 60, 'C++', 0, 2),
(1576, 60, 'Unix', 0, 1),
(1577, 60, 'OpenCV', 0, 1),
(1578, 60, 'OpenGL', 0, 1),
(1579, 60, 'ApacheSpark', 0, 1),
(1580, 60, 'Programming', 0, 1),
(1581, 60, 'Agile', 0, 1),
(1582, 60, 'FullStack', 0, 1),
(1583, 60, 'WebApplications', 0, 1),
(1584, 61, 'Programming', 0, 4),
(1585, 61, 'Unix', 0, 1),
(1586, 61, 'Linux', 3, 11),
(1587, 61, 'Bash', 0, 1),
(1588, 61, 'Python', 0, 9),
(1589, 61, 'DevOps', 2, 14),
(1590, 61, 'CentOS', 3, 9),
(1591, 61, 'Ruby', 0, 1),
(1592, 61, 'SystemAdministration', 0, 1),
(1593, 61, 'CoreOS', 0, 1),
(1594, 61, 'DataScience', 0, 1),
(1595, 61, 'Development', 2, 14),
(1596, 61, 'MachineLearning', 0, 8),
(1597, 61, 'Security', 0, 4),
(1598, 61, 'BigData', 0, 8),
(1599, 61, 'R', 0, 39),
(1600, 61, 'DataMining', 0, 3),
(1601, 61, 'Developer', 4, 32),
(1602, 61, 'Java', 5, 16),
(1603, 61, 'StatisticalAnalysis', 0, 3),
(1604, 61, 'Architect', 0, 9),
(1605, 61, 'DataEngineer', 0, 9),
(1606, 61, 'Tools', 0, 3),
(1607, 61, 'Hadoop', 0, 5),
(1608, 61, 'Cloud', 2, 13),
(1609, 61, 'Design', 4, 12),
(1610, 61, 'Perl', 0, 1),
(1611, 61, 'Statistics', 0, 2),
(1612, 61, 'Marketing', 0, 5),
(1613, 61, 'Spark', 0, 2),
(1614, 61, 'Pig', 0, 3),
(1615, 61, 'Hive', 0, 1),
(1616, 61, 'HDFS', 0, 1),
(1617, 61, 'SemanticWeb', 0, 1),
(1618, 61, 'RDF', 0, 3),
(1619, 61, 'SoftwareEngineer', 0, 4),
(1620, 61, 'LinkedData', 0, 1),
(1621, 61, 'Oracle', 0, 2),
(1622, 61, 'NoSQL', 0, 4),
(1623, 61, 'SQL', 0, 5),
(1624, 61, 'TOGAF', 0, 1),
(1625, 61, 'Solr', 0, 3),
(1626, 61, 'MySQL', 0, 6),
(1627, 61, 'MongoDB', 0, 4),
(1628, 61, 'Memcached', 0, 3),
(1629, 61, 'Apache', 0, 3),
(1630, 61, 'HTML', 1, 7),
(1631, 61, 'CSS', 1, 9),
(1632, 61, 'JavaScript', 1, 15),
(1633, 61, 'SharePoint', 0, 1),
(1634, 61, 'UI', 0, 2),
(1635, 61, 'UX', 0, 1),
(1636, 61, 'SoftwareEngineering', 0, 2),
(1637, 61, 'HTML5', 4, 8),
(1638, 61, 'jQuery', 4, 7),
(1639, 61, 'CSS3', 0, 3),
(1640, 61, 'Debian', 3, 5),
(1641, 61, 'Node.js', 0, 2),
(1642, 61, 'PHP', 0, 4),
(1643, 61, 'Elasticsearch', 0, 2),
(1644, 61, 'Tableau', 0, 3),
(1645, 61, 'Adobe', 0, 2),
(1646, 61, 'Git', 0, 2),
(1647, 61, 'LXC', 0, 1),
(1648, 61, 'FinTech', 0, 2),
(1649, 61, 'Monitoring', 0, 1),
(1650, 61, 'PostgreSQL', 0, 1),
(1651, 61, 'Virtualization', 0, 1),
(1652, 61, 'Docker', 0, 3),
(1653, 61, 'Database', 0, 5),
(1654, 61, 'VMware', 0, 1),
(1655, 61, 'RedHat', 0, 2),
(1656, 61, 'Storage', 0, 1),
(1657, 61, 'Administrator', 0, 5),
(1658, 61, 'Win32', 0, 4),
(1659, 61, 'C++', 0, 4),
(1660, 61, 'QNX', 0, 1),
(1661, 61, 'Android', 0, 1),
(1662, 61, 'Networking', 0, 3),
(1663, 61, 'Windows', 0, 2),
(1664, 61, 'OpenCL', 0, 1),
(1665, 61, 'OpenGL', 0, 1),
(1666, 61, 'API', 0, 2),
(1667, 61, 'C', 0, 2),
(1668, 61, 'RDBMS', 0, 1),
(1669, 61, 'ETL', 5, 7),
(1670, 61, 'Reporting', 0, 2),
(1671, 61, 'Cassandra', 0, 2),
(1672, 61, 'HBase', 0, 1),
(1673, 61, 'MapReduce', 0, 1),
(1674, 61, 'Mahout', 0, 1),
(1675, 61, 'JBehave', 0, 1),
(1676, 61, 'jUnit', 0, 1),
(1677, 61, 'GO', 0, 1),
(1678, 61, 'LeSS', 4, 34),
(1679, 61, 'AngularJS', 4, 9),
(1680, 61, 'Sass', 1, 12),
(1681, 61, 'Angular', 0, 2),
(1682, 61, 'FullStack', 0, 2),
(1683, 61, 'TypeScript', 0, 1),
(1684, 61, 'RelationalDatabase', 0, 1),
(1685, 61, 'FrontEnd', 1, 11),
(1686, 61, 'Agile', 0, 3),
(1687, 61, 'Scrum', 0, 2),
(1688, 61, 'NPM', 0, 1),
(1689, 61, 'Gulp', 1, 5),
(1690, 61, 'React', 0, 1),
(1691, 61, 'Network', 0, 3),
(1692, 61, 'DataManagement', 0, 3),
(1693, 61, 'Salesforce', 0, 1),
(1694, 61, 'XHTML', 0, 1),
(1695, 61, 'ResponsiveDesign', 0, 2),
(1696, 61, 'HTTP', 0, 2),
(1697, 61, 'DOM', 0, 1),
(1698, 61, 'CAD', 0, 1),
(1699, 61, 'ComputerScience', 0, 2),
(1700, 61, 'Nodejs', 0, 2),
(1701, 61, 'ResponsiveWebDesign', 0, 1),
(1702, 61, 'TwitterBootstrap', 0, 2),
(1703, 61, 'Backend', 0, 4),
(1704, 61, 'Jasmine', 0, 1),
(1705, 61, 'SoapUI', 0, 1),
(1706, 61, 'SOAP', 0, 1),
(1707, 61, 'WebServices', 0, 1),
(1708, 61, 'REST', 0, 1),
(1709, 61, 'Bower', 0, 1),
(1710, 61, 'SoftwareDevelopment', 0, 3),
(1711, 61, 'Ansible', 0, 2),
(1712, 61, 'Jenkins', 0, 1),
(1713, 61, 'ERP', 0, 3),
(1714, 61, 'IoT', 2, 16),
(1715, 61, 'BusinessIntelligence', 0, 4),
(1716, 61, '.Net', 0, 1),
(1717, 61, 'DataWarehouse', 0, 1),
(1718, 61, 'Microservices', 2, 10),
(1719, 61, 'Automation', 2, 14),
(1720, 61, 'Finance', 0, 2),
(1721, 61, 'WebAnalytics', 0, 1),
(1722, 61, 'Visualization', 0, 1),
(1723, 61, 'Simulation', 0, 3),
(1724, 61, 'RHEL', 0, 1),
(1725, 61, 'ArtificialIntelligence', 0, 5),
(1726, 61, 'Haskell', 0, 2),
(1727, 61, 'LISP', 0, 2),
(1728, 61, 'Clojure', 0, 2),
(1729, 61, 'Prototype', 0, 2),
(1730, 61, 'Storm', 0, 1),
(1731, 61, 'Modeling', 0, 2),
(1732, 61, 'SAS', 0, 1),
(1733, 61, 'BPM', 0, 2),
(1734, 61, 'ABAP', 0, 3),
(1735, 61, 'ContinuousIntegration', 0, 3),
(1736, 62, 'Monitoring', 0, 6),
(1737, 62, 'Linux', 2, 34),
(1738, 62, 'DevOps', 3, 51),
(1739, 62, 'Nagios', 0, 2),
(1740, 62, 'CentOS', 2, 17),
(1741, 62, 'Debian', 0, 7),
(1742, 62, 'RedHat', 0, 6),
(1743, 62, 'Design', 5, 53),
(1744, 62, 'Architect', 0, 11),
(1745, 62, 'Visualization', 0, 3),
(1746, 62, 'MachineLearning', 5, 39),
(1747, 62, 'Marketing', 0, 21),
(1748, 62, 'Developer', 6, 101),
(1749, 62, 'Spark', 1, 10),
(1750, 62, 'DataEngineer', 1, 23),
(1751, 62, 'Hive', 1, 15),
(1752, 62, 'Python', 2, 28),
(1753, 62, 'R', 0, 103),
(1754, 62, 'NLP', 0, 2),
(1755, 62, 'Programming', 0, 9),
(1756, 62, 'BigData', 1, 83),
(1757, 62, 'WebApplications', 0, 2),
(1758, 62, 'Java', 6, 38),
(1759, 62, 'Elasticsearch', 0, 7),
(1760, 62, 'Spring', 0, 5),
(1761, 62, 'HTML5', 0, 8),
(1762, 62, 'AmazonWebServices', 0, 8),
(1763, 62, 'Git', 0, 4),
(1764, 62, 'FrontEnd', 4, 25),
(1765, 62, 'jQuery', 0, 6),
(1766, 62, 'Node.js', 0, 2),
(1767, 62, 'AngularJS', 0, 5),
(1768, 62, 'LeSS', 4, 83),
(1769, 62, 'FullStack', 0, 5),
(1770, 62, 'SQL', 0, 12),
(1771, 62, 'Hadoop', 1, 31),
(1772, 62, 'Cloud', 6, 65),
(1773, 62, 'Scala', 0, 6),
(1774, 62, 'Development', 5, 44),
(1775, 62, 'Simulation', 0, 2),
(1776, 62, 'RiskManagement', 0, 3),
(1777, 62, 'Statistics', 0, 7),
(1778, 62, 'BusinessIntelligence', 0, 19),
(1779, 62, 'DataWarehouse', 0, 5),
(1780, 62, 'DataScience', 5, 21),
(1781, 62, 'Prototype', 0, 2),
(1782, 62, 'Testing', 0, 2),
(1783, 62, 'CSS', 4, 24),
(1784, 62, 'Sass', 4, 21),
(1785, 62, 'ResponsiveDesign', 0, 1),
(1786, 62, 'RubyOnRails', 0, 2),
(1787, 62, 'TDD', 0, 1),
(1788, 62, 'Network', 0, 11),
(1789, 62, 'DataMining', 0, 17),
(1790, 62, 'AWS', 0, 10),
(1791, 62, 'Modeling', 0, 7),
(1792, 62, 'Excel', 0, 4),
(1793, 62, 'Tableau', 0, 2),
(1794, 62, 'ETL', 0, 7),
(1795, 62, 'OLAP', 0, 1),
(1796, 62, 'NoSQL', 0, 9),
(1797, 62, 'ComputerScience', 0, 9),
(1798, 62, 'PHP', 0, 12),
(1799, 62, 'JavaScript', 4, 23),
(1800, 62, 'Mahout', 0, 3),
(1801, 62, 'Pig', 1, 16),
(1802, 62, 'HBase', 0, 4),
(1803, 62, 'Cassandra', 0, 5),
(1804, 62, 'C++', 0, 9),
(1805, 62, 'C', 0, 11),
(1806, 62, 'MATLAB', 0, 2),
(1807, 62, 'SoftwareEngineer', 0, 13),
(1808, 62, 'Security', 3, 22),
(1809, 62, 'SPSS', 0, 2),
(1810, 62, 'Ansible', 2, 24),
(1811, 62, 'Math', 0, 2),
(1812, 62, 'RDF', 0, 1),
(1813, 62, 'Database', 0, 5),
(1814, 62, 'Memcached', 0, 5),
(1815, 62, 'Varnish', 0, 2),
(1816, 62, 'Nginx', 0, 2),
(1817, 62, 'RabbitMQ', 0, 2),
(1818, 62, 'MySQL', 0, 7),
(1819, 62, 'MongoDB', 0, 4),
(1820, 62, 'ERP', 0, 10),
(1821, 62, 'Finance', 0, 6),
(1822, 62, 'Visio', 0, 2),
(1823, 62, 'UX', 5, 11),
(1824, 62, 'Adobe', 0, 3),
(1825, 62, 'Tools', 0, 16),
(1826, 62, 'UI', 5, 13),
(1827, 62, 'Balsamiq', 0, 1),
(1828, 62, 'UserInterface', 0, 1),
(1829, 62, 'Unity', 0, 2),
(1830, 62, 'Photoshop', 0, 1),
(1831, 62, 'React', 0, 4),
(1832, 62, 'SystemAdministration', 0, 2),
(1833, 62, 'RHEL', 0, 6),
(1834, 62, 'Ruby', 0, 2),
(1835, 62, 'Bash', 0, 6),
(1836, 62, 'Puppet', 2, 19),
(1837, 62, 'Hardware', 0, 2),
(1838, 62, 'Apache', 0, 6),
(1839, 62, 'Administrator', 0, 3),
(1840, 62, 'Swing', 0, 2),
(1841, 62, 'MapReduce', 0, 6),
(1842, 62, 'Oracle', 0, 3),
(1843, 62, 'VMware', 0, 6),
(1844, 62, 'Win32', 0, 5),
(1845, 62, 'Delphi', 0, 2),
(1846, 62, 'API', 0, 2),
(1847, 62, 'C+', 0, 1),
(1848, 62, '.Net', 0, 1),
(1849, 62, 'Impala', 0, 3),
(1850, 62, 'SVN', 0, 1),
(1851, 62, 'ElasticMapReduce', 0, 1),
(1852, 62, 'DistributedComputing', 0, 1),
(1853, 62, 'Storage', 0, 3),
(1854, 62, 'SDLC', 0, 5),
(1855, 62, 'Perl', 0, 8),
(1856, 62, 'Storm', 0, 2),
(1857, 62, 'HTTP', 0, 5),
(1858, 62, 'Lambda', 0, 1),
(1859, 62, 'EC2', 0, 3),
(1860, 62, 'GitHub', 0, 2),
(1861, 62, 'Automation', 3, 27),
(1862, 62, 'Flask', 0, 3),
(1863, 62, 'Django', 0, 2),
(1864, 62, 'JBehave', 0, 2),
(1865, 62, 'Tomcat', 0, 3),
(1866, 62, 'Gradle', 0, 2),
(1867, 62, 'XML', 0, 1),
(1868, 62, 'JSON', 0, 3),
(1869, 62, 'Atlassian', 0, 1),
(1870, 62, 'Jira', 0, 3),
(1871, 62, 'Agile', 0, 11),
(1872, 62, 'Scrum', 0, 6),
(1873, 62, 'GO', 0, 1),
(1874, 62, 'Backend', 6, 20),
(1875, 62, 'Marionette', 0, 1),
(1876, 62, 'Backbone', 0, 3),
(1877, 62, 'Redis', 0, 1),
(1878, 62, 'HTML', 4, 10),
(1879, 62, 'ScrumMaster', 0, 5),
(1880, 62, 'CSS3', 0, 2),
(1881, 62, 'Gulp', 0, 2),
(1882, 62, 'Angular', 0, 2),
(1883, 62, 'TypeScript', 0, 1),
(1884, 62, 'Bower', 0, 1),
(1885, 62, 'Hybris', 0, 1),
(1886, 62, 'Flux', 0, 1),
(1887, 62, 'Ember', 0, 1),
(1888, 62, 'Zend', 0, 1),
(1889, 62, 'Symfony', 0, 2),
(1890, 62, 'Drupal', 0, 2),
(1891, 62, 'ContinuousIntegration', 0, 6),
(1892, 62, 'Solr', 0, 5),
(1893, 62, 'Jenkins', 0, 2),
(1894, 62, 'IoT', 3, 23),
(1895, 62, 'Backbone.js', 0, 1),
(1896, 62, 'AJAX', 0, 1),
(1897, 62, 'Wordpress', 0, 1),
(1898, 62, 'Waterfall', 0, 1),
(1899, 62, 'SharePoint', 0, 2),
(1900, 62, 'Resin', 0, 1),
(1901, 62, 'Polymer', 0, 1),
(1902, 62, 'BusinessObjects', 0, 1),
(1903, 62, 'SoftwareDevelopment', 0, 8),
(1904, 62, '.Net-Framework', 0, 1),
(1905, 62, 'Shell', 0, 6),
(1906, 62, 'Chef', 2, 16),
(1907, 62, 'OpenStack', 6, 9),
(1908, 62, 'Docker', 0, 7),
(1909, 62, 'JBoss', 0, 2),
(1910, 62, 'CloudFoundry', 0, 2),
(1911, 62, 'Scripting', 0, 4),
(1912, 62, 'Microservices', 3, 13),
(1913, 62, 'SaltStack', 0, 2),
(1914, 62, 'Orchestration', 0, 2),
(1915, 62, 'Reporting', 0, 3),
(1916, 62, 'Robotics', 3, 11),
(1917, 62, 'Akka', 0, 1),
(1918, 62, 'AEM', 0, 1),
(1919, 62, 'SAS', 0, 1),
(1920, 62, 'ArtificialIntelligence', 0, 13),
(1921, 62, 'ApacheSpark', 0, 1),
(1922, 62, 'SOAP', 0, 1),
(1923, 62, 'REST', 0, 1),
(1924, 62, 'Golang', 0, 1),
(1925, 62, 'Google', 0, 1),
(1926, 62, 'Geolocation', 0, 1),
(1927, 62, 'SoftwareEngineering', 0, 3),
(1928, 62, 'Eclipse', 0, 1),
(1929, 62, 'WebServices', 0, 1),
(1930, 62, 'Maven', 0, 1),
(1931, 62, 'OpenCV', 0, 2),
(1932, 62, 'OpenGL', 0, 2),
(1933, 62, 'DataModeling', 0, 1),
(1934, 62, 'WebAnalytics', 0, 1),
(1935, 62, 'SIEM', 0, 1),
(1936, 62, 'ImageProcessing', 0, 1),
(1937, 62, 'Android', 0, 1),
(1938, 62, 'DatabaseAdministration', 0, 1),
(1939, 62, 'Java8', 0, 1),
(1940, 62, 'Networking', 0, 2),
(1941, 62, 'ABAP', 0, 3),
(1942, 62, 'DataManagement', 0, 4),
(1943, 62, 'Rackspace', 0, 2),
(1944, 62, 'S3', 0, 2),
(1945, 62, 'BPM', 0, 3),
(1946, 62, 'Unix', 0, 1),
(1947, 62, 'OOP', 0, 1),
(1948, 62, 'TTS', 0, 1),
(1949, 62, 'SDK', 0, 1),
(1950, 62, '??', 0, 4),
(1951, 62, 'Azure', 0, 1),
(3100, 67, 'RDF', 0, 10),
(3101, 67, 'Java', 10, 217),
(3102, 67, 'DesignPatterns', 0, 2),
(3103, 67, 'Cloud', 8, 179),
(3104, 67, 'JavaScript', 3, 106),
(3105, 67, 'SQL', 9, 73),
(3106, 67, 'C', 8, 78),
(3107, 67, 'XML', 0, 5),
(3108, 67, 'VisualStudio', 0, 4),
(3109, 67, 'XSLT', 0, 2),
(3110, 67, 'Tools', 0, 62),
(3111, 67, 'IIS', 0, 4),
(3112, 67, 'TCP', 0, 10),
(3113, 67, 'Marketing', 0, 146),
(3114, 67, 'SemanticWeb', 0, 5),
(3115, 67, 'Security', 0, 80),
(3116, 67, 'Design', 4, 187),
(3117, 67, 'Azure', 0, 12),
(3118, 67, 'AWS', 8, 40),
(3119, 67, 'SoftwareEngineering', 0, 29),
(3120, 67, 'AmazonWebServices', 0, 10),
(3121, 67, 'MapReduce', 2, 22),
(3122, 67, 'Pig', 2, 77),
(3123, 67, 'Statistics', 0, 60),
(3124, 67, 'Administrator', 1, 81),
(3125, 67, 'Database', 9, 38),
(3126, 67, 'Architect', 0, 67),
(3127, 67, 'Developer', 8, 272),
(3128, 67, 'HTML', 0, 44),
(3129, 67, 'FrontEnd', 3, 87),
(3130, 67, 'Memcached', 3, 33),
(3131, 67, 'PostgreSQL', 0, 30),
(3132, 67, 'Apache', 6, 50),
(3133, 67, 'CSS', 4, 56),
(3134, 67, 'MongoDB', 0, 20),
(3135, 67, 'MySQL', 3, 67),
(3136, 67, 'Solr', 0, 15),
(3137, 67, 'Monitoring', 0, 24),
(3138, 67, 'Redis', 3, 19),
(3139, 67, 'RabbitMQ', 0, 5),
(3140, 67, 'PHP', 3, 64),
(3141, 67, 'API', 0, 14),
(3142, 67, 'Sass', 3, 69),
(3143, 67, 'Socket.IO', 0, 3),
(3144, 67, 'AmazonS3', 0, 2),
(3145, 67, 'Nginx', 0, 18),
(3146, 67, 'Node.js', 0, 10),
(3147, 67, 'Storage', 0, 22),
(3148, 67, 'Backend', 0, 56),
(3149, 67, 'HTML5', 3, 66),
(3150, 67, 'Python', 5, 215),
(3151, 67, 'AngularJS', 0, 30),
(3152, 67, 'TypeScript', 0, 14),
(3153, 67, 'DevOps', 5, 131),
(3154, 67, 'Elasticsearch', 0, 24),
(3155, 67, 'Docker', 5, 73),
(3156, 67, 'React', 0, 14),
(3157, 67, 'Nodejs', 0, 7),
(3158, 67, 'Symfony', 0, 9),
(3159, 67, 'ANT', 0, 4),
(3160, 67, 'Fabric', 0, 4),
(3161, 67, 'Backbone', 0, 8),
(3162, 67, 'Perl', 0, 28),
(3163, 67, 'SoftwareEngineer', 10, 116),
(3164, 67, 'Scala', 2, 47),
(3165, 67, 'Couchbase', 0, 1),
(3166, 67, 'JVM', 0, 4),
(3167, 67, 'Development', 4, 182),
(3168, 67, 'Chef', 5, 47),
(3169, 67, 'R', 5, 534),
(3170, 67, 'Debian', 1, 52),
(3171, 67, 'Nagios', 0, 12),
(3172, 67, 'Ansible', 5, 135),
(3173, 67, 'SaltStack', 0, 11),
(3174, 67, 'Puppet', 5, 86),
(3175, 67, 'Linux', 1, 247),
(3176, 67, 'Magento', 0, 1),
(3177, 67, 'CentOS', 1, 242),
(3178, 67, 'Wordpress', 0, 2),
(3179, 67, 'Prototype', 0, 23),
(3180, 67, 'Jira', 0, 23),
(3181, 67, 'jQuery', 0, 34),
(3182, 67, 'Git', 5, 58),
(3183, 67, 'WebFrontend', 0, 6),
(3184, 67, 'LeSS', 4, 495),
(3185, 67, 'ReactNative', 0, 3),
(3186, 67, 'UX', 4, 59),
(3187, 67, 'UI', 4, 51),
(3188, 67, 'UserInterface', 0, 13),
(3189, 67, 'Testing', 0, 22),
(3190, 67, 'Unity', 0, 4),
(3191, 67, 'Adobe', 0, 9),
(3192, 67, 'Photoshop', 0, 4),
(3193, 67, 'MachineLearning', 7, 165),
(3194, 67, 'SoftwareArchitecture', 0, 2),
(3195, 67, 'Android', 0, 10),
(3196, 67, 'Programming', 0, 56),
(3197, 67, 'HTTP', 0, 19),
(3198, 67, 'FullStack', 0, 31),
(3199, 67, 'BusinessIntelligence', 0, 122),
(3200, 67, 'ERP', 0, 24),
(3201, 67, 'ProductManagement', 0, 7),
(3202, 67, 'CSS3', 3, 34),
(3203, 67, 'Automation', 8, 53),
(3204, 67, 'Simulation', 0, 7),
(3205, 67, 'Hardware', 0, 10),
(3206, 67, 'RedHat', 1, 103),
(3207, 67, 'RHEL', 1, 51),
(3208, 67, 'Oracle', 0, 45),
(3209, 67, 'Windows', 1, 47),
(3210, 67, 'VPN', 0, 7),
(3211, 67, 'Network', 0, 46),
(3212, 67, 'DNS', 0, 7),
(3213, 67, 'Jenkins', 5, 42),
(3214, 67, 'NoSQL', 0, 35),
(3215, 67, 'SCOM', 0, 2),
(3216, 67, 'DataMining', 0, 72),
(3217, 67, 'Unix', 0, 19),
(3218, 67, 'ComputerScience', 0, 35),
(3219, 67, 'Troubleshooting', 0, 2),
(3220, 67, 'VMware', 1, 29),
(3221, 67, 'ActiveDirectory', 0, 4),
(3222, 67, 'Scripting', 0, 19),
(3223, 67, 'Bash', 0, 34),
(3224, 67, 'CRM', 0, 36),
(3225, 67, 'LAMP', 0, 4),
(3226, 67, 'Tomcat', 6, 24),
(3227, 67, 'Firewall', 0, 5),
(3228, 67, 'SystemAdministration', 1, 17),
(3229, 67, 'Spark', 2, 75),
(3230, 67, 'Shell', 0, 15),
(3231, 67, 'QNX', 0, 2),
(3232, 67, 'LDAP', 0, 1),
(3233, 67, 'JBoss', 0, 8),
(3234, 67, 'Solaris', 0, 4),
(3235, 67, 'HAProxy', 0, 2),
(3236, 67, 'VSphere', 0, 4),
(3237, 67, 'IPsec', 0, 1),
(3238, 67, 'Confluence', 0, 6),
(3239, 67, 'Maven', 0, 7),
(3240, 67, 'GO', 0, 17),
(3241, 67, 'ShellScripting', 0, 5),
(3242, 67, 'OpenStack', 0, 11),
(3243, 67, 'Atlassian', 0, 3),
(3244, 67, 'SoftwareDevelopment', 0, 26),
(3245, 67, 'BigData', 2, 288),
(3246, 67, 'HPC', 0, 5),
(3247, 67, 'DataWarehouse', 0, 22),
(3248, 67, 'SysAdmin', 0, 2),
(3249, 67, 'ContinuousIntegration', 0, 10),
(3250, 67, 'C++', 8, 52),
(3251, 67, 'Varnish', 0, 5),
(3252, 67, 'SOA', 0, 1),
(3253, 67, 'ExtJS', 0, 2),
(3254, 67, 'RubyOnRails', 0, 4),
(3255, 67, 'AIX', 0, 4),
(3256, 67, 'Virtualization', 0, 8),
(3257, 67, 'Scrum', 4, 46),
(3258, 67, 'SVN', 0, 9),
(3259, 67, 'OTRS', 0, 3),
(3260, 67, 'Cisco', 0, 5),
(3261, 67, 'Reporting', 0, 23),
(3262, 67, 'Hadoop', 2, 119),
(3263, 67, 'ContinuousDeployment', 0, 2),
(3264, 67, 'VoIP', 0, 1),
(3265, 67, 'SharePoint', 0, 4),
(3266, 67, 'SaaS', 0, 10),
(3267, 67, 'PaaS', 0, 4),
(3268, 67, 'Hybris', 8, 23),
(3269, 67, 'Networking', 0, 7),
(3270, 67, 'GitHub', 0, 5),
(3271, 67, 'Visualization', 0, 24),
(3272, 67, 'Storm', 0, 10),
(3273, 67, 'ApacheSpark', 0, 13),
(3274, 67, 'ExchangeServer', 0, 3),
(3275, 67, 'NAS', 0, 1),
(3276, 67, 'PowerShell', 0, 3),
(3277, 67, 'C+', 0, 5),
(3278, 67, 'Win32', 0, 19),
(3279, 67, '.Net', 0, 16),
(3280, 67, 'WinForms', 0, 3),
(3281, 67, 'ReverseEngineering', 0, 1),
(3282, 67, 'SDK', 0, 2),
(3283, 67, 'Cocoa', 0, 1),
(3284, 67, 'Delphi', 0, 1),
(3285, 67, 'Cassandra', 0, 24),
(3286, 67, 'HBase', 2, 40),
(3287, 67, 'Mahout', 0, 15),
(3288, 67, 'Kafka', 0, 19),
(3289, 67, 'Hive', 2, 73),
(3290, 67, 'DataEngineer', 2, 106),
(3291, 67, 'IntegrationTesting', 0, 1),
(3292, 67, 'Cloudera', 0, 9),
(3293, 67, 'Assurance', 0, 9),
(3294, 67, 'Sqoop', 0, 9),
(3295, 67, 'Ruby', 0, 17),
(3296, 67, 'Agile', 4, 89),
(3297, 67, 'ElasticMapReduce', 0, 1),
(3298, 67, 'IoT', 8, 91),
(3299, 67, 'Tableau', 0, 21),
(3300, 67, 'Clojure', 0, 3),
(3301, 67, 'MATLAB', 0, 21),
(3302, 67, 'ETL', 0, 19),
(3303, 67, 'HDFS', 0, 17),
(3304, 67, 'Impala', 0, 7),
(3305, 67, 'WebServices', 0, 6),
(3306, 67, 'DataManagement', 0, 25),
(3307, 67, 'ZooKeeper', 0, 3),
(3308, 67, 'REST', 0, 22),
(3309, 67, 'SDLC', 0, 2),
(3310, 67, 'VirtualMachine', 0, 1),
(3311, 67, 'DataVisualization', 0, 8),
(3312, 67, 'SAS', 0, 20),
(3313, 67, 'Lambda', 0, 4),
(3314, 67, 'EC2', 0, 6),
(3315, 67, 'NLP', 0, 10),
(3316, 67, 'SPSS', 0, 17),
(3317, 67, 'ArtificialIntelligence', 0, 65),
(3318, 67, 'Compiler', 0, 1),
(3319, 67, 'AJAX', 0, 8),
(3320, 67, 'SOAP', 0, 4),
(3321, 67, 'LinearProgramming', 0, 2),
(3322, 67, 'DataScience', 7, 60),
(3323, 67, 'Flask', 0, 9),
(3324, 67, 'Django', 0, 5),
(3325, 67, 'Pyramid', 0, 1),
(3326, 67, 'Cucumber', 0, 3),
(3327, 67, 'Selenium', 0, 4),
(3328, 67, 'JBehave', 0, 4),
(3329, 67, 'Groovy', 0, 4),
(3330, 67, 'SoapUI', 0, 2),
(3331, 67, 'Bower', 0, 7),
(3332, 67, 'Gulp', 0, 12),
(3333, 67, 'Angular', 0, 19),
(3334, 67, 'jUnit', 0, 4),
(3335, 67, 'OOP', 0, 5),
(3336, 67, 'ResponsiveDesign', 0, 6),
(3337, 67, 'Zend', 0, 2),
(3338, 67, 'Debugging', 0, 1),
(3339, 67, 'TFS', 0, 2),
(3340, 67, 'Excel', 0, 16),
(3341, 67, 'Google', 0, 4),
(3342, 67, 'StatisticalAnalysis', 0, 13),
(3343, 67, 'NumPy', 0, 9),
(3344, 67, 'JEE', 0, 6),
(3345, 67, 'ScrumMaster', 4, 23),
(3346, 67, 'Eclipse', 0, 4),
(3347, 67, 'ReactJS', 0, 2),
(3348, 67, 'ImageProcessing', 0, 9),
(3349, 67, 'UnitTesting', 0, 1),
(3350, 67, 'Jasmine', 0, 3),
(3351, 67, 'NPM', 0, 3),
(3352, 67, 'ProjectManagement', 0, 16),
(3353, 67, 'OSGi', 0, 2),
(3354, 67, 'AEM', 0, 3),
(3355, 67, 'Java8', 0, 2),
(3356, 67, 'Swift', 0, 3),
(3357, 67, 'JSON', 0, 2),
(3358, 67, 'Lucene', 0, 1),
(3359, 67, 'NetSuite', 0, 3),
(3360, 67, 'Gradle', 0, 3),
(3361, 67, 'CoffeeScript', 0, 2),
(3362, 67, 'OpenCV', 0, 1),
(3363, 67, 'Tester', 0, 4),
(3364, 67, 'Sitecore', 0, 1),
(3365, 67, 'Ember', 0, 1),
(3366, 67, 'AdobeCQ', 0, 1),
(3367, 67, 'DOM', 0, 2),
(3368, 67, 'Rails', 0, 2),
(3369, 67, 'MVC', 0, 5),
(3370, 67, 'OCaml', 0, 1),
(3371, 67, 'ASP.Net', 0, 5),
(3372, 67, 'Microservices', 0, 5),
(3373, 67, 'Finance', 0, 21),
(3374, 67, 'ExtremeProgramming', 0, 1),
(3375, 67, 'SpringMVC', 0, 1),
(3376, 67, 'JSP', 0, 1),
(3377, 67, 'VersionControl', 0, 4),
(3378, 67, 'Symfony2', 0, 2),
(3379, 67, 'D3', 0, 3),
(3380, 67, 'SystemAnalysis', 0, 2),
(3381, 67, 'Resin', 0, 9),
(3382, 67, 'Polymer', 0, 3),
(3383, 67, 'TOGAF', 0, 1),
(3384, 67, 'MsOffice', 0, 5),
(3385, 67, 'Waterfall', 0, 4),
(3386, 67, 'Spring', 0, 10),
(3387, 67, 'PMP', 0, 1),
(3388, 67, 'OLAP', 0, 5),
(3389, 67, 'MobileDevelopment', 0, 1),
(3390, 67, 'Mesos', 0, 5),
(3391, 67, 'FinTech', 0, 6),
(3392, 67, 'LXC', 0, 2),
(3393, 67, 'WebSphere', 0, 4),
(3394, 67, 'Hibernate', 0, 1),
(3395, 67, 'RSpec', 0, 1),
(3396, 67, 'Akka', 0, 4),
(3397, 67, 'ApacheKafka', 0, 3),
(3398, 67, '??', 0, 25),
(3399, 67, 'Modeling', 0, 35),
(3400, 67, 'SoftwareDesign', 0, 7),
(3401, 67, 'DataAnalytic', 0, 2),
(3402, 67, 'MPI', 0, 2),
(3403, 67, 'Robotics', 8, 24),
(3404, 67, 'iPython', 0, 1),
(3405, 67, 'SciPy', 0, 3),
(3406, 67, 'Pandas', 0, 4),
(3407, 67, 'ARM', 0, 2),
(3408, 67, 'BusinessAnalysis', 0, 3),
(3409, 67, 'Math', 0, 10),
(3410, 67, 'TDD', 0, 3),
(3411, 67, 'DistributedComputing', 0, 1),
(3412, 67, 'DSL', 0, 1),
(3413, 67, 'Networks', 0, 4),
(3414, 67, 'Geolocation', 0, 1),
(3415, 67, 'GIS', 0, 2),
(3416, 67, 'WebApplications', 0, 1),
(3417, 67, 'Salesforce', 0, 3),
(3418, 67, 'ScientificComputing', 0, 1),
(3419, 67, 'YARN', 0, 2),
(3420, 67, 'DataModeling', 0, 1),
(3421, 67, 'DataAnalysis', 0, 4),
(3422, 67, 'Wireless', 0, 2),
(3423, 67, 'WebAnalytics', 0, 3),
(3424, 67, 'Boost', 0, 4),
(3425, 67, 'STL', 0, 2),
(3426, 67, 'ParallelProcessing', 0, 1),
(3427, 67, 'GPU', 0, 7),
(3428, 67, 'DataDriven', 0, 2),
(3429, 67, 'Metadata', 0, 1),
(3430, 67, 'EDI', 0, 1),
(3431, 67, 'ABAP', 0, 5),
(3432, 67, 'RiskManagement', 0, 3),
(3433, 67, 'Qt', 0, 1),
(3434, 67, 'OSPF', 0, 1),
(3435, 67, 'D3.js', 0, 1),
(3436, 67, 'Wave', 0, 1),
(3437, 67, 'CustomerSupport', 0, 1),
(3438, 67, 'NUnit', 0, 1),
(3439, 67, 'WebForms', 0, 1),
(3440, 67, 'ROM', 0, 1),
(3441, 67, 'Knockout.js', 0, 1),
(3442, 67, 'Laravel', 0, 1),
(3443, 67, 'LinearAlgebra', 0, 3),
(3444, 67, 'NetworkProgramming', 0, 1),
(3445, 67, 'CoreOS', 0, 1),
(3446, 67, 'BDD', 0, 1),
(3447, 67, 'Mockito', 0, 1),
(3448, 67, 'Backbone.js', 0, 1),
(3449, 67, 'CUDA', 0, 2),
(3450, 67, 'OpenCL', 0, 1),
(3451, 67, 'Stata', 0, 3),
(3452, 67, 'IPC', 0, 1),
(3453, 67, 'CAD', 0, 1),
(3454, 67, 'RDBMS', 0, 2),
(3455, 67, 'Orchestration', 0, 4),
(3456, 67, 'GoogleAnalytics', 0, 1),
(3457, 67, 'RelationalDatabase', 0, 1),
(3458, 67, 'Golang', 0, 1),
(3459, 67, 'S3', 0, 2),
(3460, 67, 'Objective-C', 0, 2),
(3461, 67, 'DBA', 0, 1),
(3462, 67, 'Apex', 0, 1),
(3463, 67, 'JSF', 0, 1),
(3464, 67, 'FunctionalProgramming', 0, 1),
(3465, 67, 'FPGA', 0, 2),
(3466, 67, 'Flux', 0, 1),
(3467, 67, 'SQLAlchemy', 0, 1),
(3852, 69, 'BusinessIntelligence', 9, 193),
(3853, 69, 'BigData', 9, 448),
(3854, 69, 'DataScience', 15, 90),
(3855, 69, 'ArtificialIntelligence', 5, 227),
(3856, 69, 'R', 4, 888),
(3857, 69, 'Developer', 16, 376),
(3858, 69, 'DataWarehouse', 0, 14),
(3859, 69, 'DataMining', 17, 150),
(3860, 69, 'Design', 8, 270),
(3861, 69, 'Marketing', 8, 229),
(3862, 69, 'Statistics', 18, 138),
(3863, 69, 'Architect', 0, 116),
(3864, 69, 'ComputerScience', 18, 75),
(3865, 69, 'Prototype', 0, 30),
(3866, 69, 'Development', 16, 289),
(3867, 69, 'ETL', 17, 26),
(3868, 69, 'Java', 1, 278),
(3869, 69, 'MySQL', 14, 48),
(3870, 69, 'Python', 4, 539),
(3871, 69, 'NLP', 15, 46),
(3872, 69, 'Tools', 17, 99),
(3873, 69, 'SQL', 4, 231),
(3874, 69, 'NoSQL', 5, 65),
(3875, 69, 'Assurance', 0, 59),
(3876, 69, 'MachineLearning', 15, 511),
(3877, 69, 'Network', 0, 45),
(3878, 69, 'Programming', 18, 86),
(3879, 69, 'Modeling', 15, 38),
(3880, 69, 'Cassandra', 13, 24),
(3881, 69, 'Hadoop', 2, 148),
(3882, 69, 'DevOps', 12, 131),
(3883, 69, 'CRM', 8, 76),
(3884, 69, 'Node.js', 0, 15),
(3885, 69, 'Docker', 12, 90),
(3886, 69, 'Orchestration', 0, 5),
(3887, 69, 'Linux', 6, 172),
(3888, 69, 'Akka', 0, 3),
(3889, 69, 'Elasticsearch', 9, 46),
(3890, 69, 'Scala', 13, 58),
(3891, 69, 'DataEngineer', 5, 125),
(3892, 69, 'Sqoop', 0, 8),
(3893, 69, 'Kafka', 0, 25),
(3894, 69, 'HBase', 5, 56),
(3895, 69, 'Hive', 2, 65),
(3896, 69, 'Spark', 2, 130),
(3897, 69, 'Finance', 0, 82),
(3898, 69, 'SoftwareEngineer', 0, 95),
(3899, 69, 'MPI', 0, 8),
(3900, 69, 'Solr', 9, 19),
(3901, 69, 'Apache', 9, 45),
(3902, 69, 'IoT', 10, 83),
(3903, 69, 'ProductManagement', 0, 4),
(3904, 69, 'D3.js', 0, 9),
(3905, 69, 'Aurelia', 0, 4),
(3906, 69, 'NumPy', 4, 19),
(3907, 69, 'HDFS', 0, 10),
(3908, 69, 'Storm', 2, 22),
(3909, 69, 'Scrum', 16, 29),
(3910, 69, 'SAS', 0, 54),
(3911, 69, 'SPSS', 0, 17),
(3912, 69, 'FrontEnd', 11, 113),
(3913, 69, 'AWS', 0, 61),
(3914, 69, 'Cloud', 10, 177),
(3915, 69, 'JavaScript', 7, 164),
(3916, 69, 'Database', 0, 44),
(3917, 69, 'Excel', 0, 27),
(3918, 69, 'Salesforce', 0, 8),
(3919, 69, 'DataDriven', 0, 3),
(3920, 69, 'DistributedComputing', 0, 7),
(3921, 69, 'Testing', 0, 43),
(3922, 69, 'SoftwareEngineering', 14, 46),
(3923, 69, 'DesignPatterns', 0, 3),
(3924, 69, 'Pig', 2, 60),
(3925, 69, 'MATLAB', 17, 46),
(3926, 69, 'Simulation', 0, 10),
(3927, 69, 'GIS', 0, 9),
(3928, 69, 'Security', 0, 65),
(3929, 69, 'BusinessAnalysis', 5, 39),
(3930, 69, 'StatisticalAnalysis', 0, 8),
(3931, 69, 'Networks', 0, 10),
(3932, 69, 'Visualization', 0, 26),
(3933, 69, 'AmazonWebServices', 0, 8),
(3934, 69, 'SOAP', 0, 9),
(3935, 69, 'Agile', 16, 96),
(3936, 69, 'REST', 1, 45),
(3937, 69, 'Neo4j', 5, 26),
(3938, 69, 'Backend', 0, 47),
(3939, 69, 'ERP', 0, 19),
(3940, 69, 'GO', 17, 34),
(3941, 69, 'LeSS', 11, 606),
(3942, 69, 'SoftwareDevelopment', 0, 32),
(3943, 69, 'Storage', 0, 15),
(3944, 69, 'Hybris', 0, 10),
(3945, 69, 'SoftwareDesign', 0, 9),
(3946, 69, 'ABAP', 0, 6),
(3947, 69, 'Cloudera', 0, 7),
(3948, 69, 'RDF', 0, 25),
(3949, 69, 'API', 0, 28),
(3950, 69, 'Google', 10, 22),
(3951, 69, 'Azure', 10, 42),
(3952, 69, 'RelationalDatabase', 0, 3),
(3953, 69, 'XML', 0, 8),
(3954, 69, 'LAMP', 0, 3),
(3955, 69, 'Debian', 6, 25),
(3956, 69, 'Memcached', 0, 16),
(3957, 69, 'PHP', 0, 60),
(3958, 69, 'RabbitMQ', 0, 7),
(3959, 69, 'Redis', 0, 11),
(3960, 69, 'Symfony', 0, 5),
(3961, 69, 'CloudFoundry', 0, 5),
(3962, 69, 'FullStack', 16, 28),
(3963, 69, 'MongoDB', 0, 24),
(3964, 69, 'PostgreSQL', 0, 17),
(3965, 69, 'HTML', 7, 68),
(3966, 69, 'CSS', 7, 104),
(3967, 69, 'Confluence', 3, 16),
(3968, 69, 'RedHat', 6, 60),
(3969, 69, 'Magento', 0, 4),
(3970, 69, 'Jira', 3, 32),
(3971, 69, 'Varnish', 0, 8),
(3972, 69, 'Nagios', 0, 13),
(3973, 69, 'Ansible', 3, 202),
(3974, 69, 'LDAP', 0, 6),
(3975, 69, 'Nginx', 0, 14),
(3976, 69, 'Monitoring', 0, 20),
(3977, 69, 'Puppet', 12, 97),
(3978, 69, 'Git', 3, 68),
(3979, 69, 'Tomcat', 9, 23),
(3980, 69, 'OpenStack', 12, 16),
(3981, 69, 'Objective-C', 0, 1),
(3982, 69, 'SDK', 0, 3),
(3983, 69, 'TypeScript', 14, 36),
(3984, 69, 'AngularJS', 11, 55),
(3985, 69, 'AmazonS3', 0, 1),
(3986, 69, 'HTML5', 7, 89),
(3987, 69, 'Android', 0, 8),
(3988, 69, 'Angular.js', 11, 10),
(3989, 69, 'Sass', 7, 147),
(3990, 69, 'jQuery', 11, 64),
(3991, 69, 'CSS3', 7, 43),
(3992, 69, 'UI', 8, 44),
(3993, 69, 'UX', 8, 102),
(3994, 69, 'Adobe', 0, 6),
(3995, 69, 'Robotics', 0, 15),
(3996, 69, 'C++', 13, 97),
(3997, 69, 'PerformanceTesting', 0, 1),
(3998, 69, 'SharePoint', 0, 1),
(3999, 69, 'Photoshop', 0, 5),
(4000, 69, 'PowerShell', 0, 2),
(4001, 69, 'Automation', 14, 80),
(4002, 69, 'Shell', 0, 27),
(4003, 69, 'Administrator', 0, 45),
(4004, 69, 'Unity', 0, 3),
(4005, 69, 'Balsamiq', 0, 3),
(4006, 69, 'UserInterface', 0, 8),
(4007, 69, 'Windows', 6, 23),
(4008, 69, 'CentOS', 6, 106),
(4009, 69, 'RHEL', 6, 13),
(4010, 69, 'Microservices', 0, 14),
(4011, 69, 'UML', 0, 7),
(4012, 69, 'OTRS', 0, 1),
(4013, 69, 'Oracle', 14, 30),
(4014, 69, 'VMware', 0, 12),
(4015, 69, 'Chef', 8, 95),
(4016, 69, 'Bash', 12, 29),
(4017, 69, 'Jenkins', 3, 59),
(4018, 69, 'SVN', 3, 18),
(4019, 69, 'SystemAdministration', 0, 12),
(4020, 69, 'JBoss', 0, 6),
(4021, 69, 'ContinuousIntegration', 0, 17),
(4022, 69, 'TCP', 0, 7),
(4023, 69, 'HAProxy', 0, 2),
(4024, 69, 'JEE', 0, 11),
(4025, 69, 'Unix', 0, 30),
(4026, 69, 'HPC', 0, 2),
(4027, 69, 'Hardware', 0, 5),
(4028, 69, 'Multicast', 0, 2),
(4029, 69, 'SaltStack', 0, 9),
(4030, 69, 'IPsec', 0, 4),
(4031, 69, 'Reporting', 10, 30),
(4032, 69, 'Scripting', 0, 16),
(4033, 69, 'GNU', 0, 2),
(4034, 69, 'HTTP', 0, 18),
(4035, 69, 'MVC', 0, 14),
(4036, 69, 'Firewall', 0, 3),
(4037, 69, 'DNS', 0, 2),
(4038, 69, 'Perl', 12, 22),
(4039, 69, 'MapReduce', 2, 18),
(4040, 69, 'Virtualization', 0, 2),
(4041, 69, 'VoIP', 0, 1),
(4042, 69, 'Solaris', 0, 4),
(4043, 69, 'MsOffice', 0, 1),
(4044, 69, 'C', 13, 97),
(4045, 69, 'Maven', 0, 14),
(4046, 69, 'ExtJS', 0, 4),
(4047, 69, 'RubyOnRails', 0, 5),
(4048, 69, 'Win32', 13, 12),
(4049, 69, '.Net', 13, 19),
(4050, 69, 'Wireshark', 0, 1),
(4051, 69, 'UDP', 0, 1),
(4052, 69, 'Networking', 0, 10),
(4053, 69, 'Delphi', 0, 3),
(4054, 69, 'QNX', 0, 1),
(4055, 69, 'OpenCL', 0, 1),
(4056, 69, 'OpenGL', 0, 3),
(4057, 69, 'YARN', 0, 5),
(4058, 69, 'ZooKeeper', 0, 3),
(4059, 69, 'DataVisualization', 0, 5),
(4060, 69, 'Lucene', 0, 4),
(4061, 69, 'PaaS', 0, 4),
(4062, 69, 'Mahout', 0, 13),
(4063, 69, 'Impala', 0, 5),
(4064, 69, 'RDBMS', 0, 3),
(4065, 69, 'ApacheSpark', 0, 19),
(4066, 69, 'Tableau', 10, 48),
(4067, 69, 'BusinessObjects', 0, 2),
(4068, 69, 'DataManagement', 0, 11),
(4069, 69, 'ProjectManagement', 0, 9),
(4070, 69, 'Lambda', 0, 4),
(4071, 69, 'EC2', 0, 5),
(4072, 69, 'GitHub', 0, 3),
(4073, 69, 'Compiler', 0, 2),
(4074, 69, 'IIS', 0, 3),
(4075, 69, 'XSLT', 0, 2),
(4076, 69, 'VisualStudio', 0, 3),
(4077, 69, 'PostGIS', 0, 1),
(4078, 69, 'IPC', 0, 1),
(4079, 69, 'JSON', 0, 12),
(4080, 69, 'LinkedData', 0, 1),
(4081, 69, 'Vaadin', 0, 1),
(4082, 69, 'GWT', 0, 1),
(4083, 69, 'SemanticWeb', 0, 4),
(4084, 69, 'Flask', 0, 15),
(4085, 69, 'React', 11, 30),
(4086, 69, 'Elixir', 0, 1),
(4087, 69, 'Rails', 0, 3),
(4088, 69, 'Ruby', 0, 19),
(4089, 69, 'Selenium', 1, 13),
(4090, 69, 'Django', 0, 6),
(4091, 69, 'Cucumber', 0, 5),
(4092, 69, 'JBehave', 1, 13),
(4093, 69, 'Tester', 0, 3),
(4094, 69, 'jUnit', 0, 5),
(4095, 69, 'Spring', 1, 29),
(4096, 69, 'Dojo', 0, 1),
(4097, 69, 'Hibernate', 1, 12),
(4098, 69, 'CAD', 0, 3),
(4099, 69, 'ReactJS', 0, 10),
(4100, 69, 'Ember', 0, 4),
(4101, 69, 'SpringMVC', 0, 2),
(4102, 69, 'JSP', 0, 2),
(4103, 69, 'Angular', 0, 38),
(4104, 69, 'Nodejs', 0, 11),
(4105, 69, 'Xcode', 0, 3),
(4106, 69, 'Gulp', 0, 25),
(4107, 69, 'NPM', 0, 9),
(4108, 69, 'CustomerSupport', 0, 1),
(4109, 69, 'TOGAF', 0, 2),
(4110, 69, 'J2EE', 0, 6),
(4111, 69, 'SaaS', 15, 27),
(4112, 69, 'ScrumMaster', 0, 11),
(4113, 69, 'WebServices', 0, 10),
(4114, 69, 'DomainDrivenDesign', 0, 2),
(4115, 69, 'Doctrine', 0, 4),
(4116, 69, 'WebApplications', 0, 8),
(4117, 69, 'AJAX', 0, 14),
(4118, 69, 'VersionControl', 0, 7),
(4119, 69, 'ANT', 0, 3),
(4120, 69, 'Underscore.js', 0, 1),
(4121, 69, 'CoffeeScript', 0, 4),
(4122, 69, 'Backbone.js', 0, 1),
(4123, 69, 'OOP', 0, 6),
(4124, 69, 'Jasmine', 0, 2),
(4125, 69, 'DOM', 0, 1),
(4126, 69, 'TFS', 0, 5),
(4127, 69, 'ASP.Net', 0, 8),
(4128, 69, '??', 0, 64),
(4129, 69, 'LINQ', 0, 3),
(4130, 69, 'D3', 0, 7),
(4131, 69, 'ZendFramework', 0, 2),
(4132, 69, 'Laravel', 0, 4),
(4133, 69, 'TDD', 0, 7),
(4134, 69, 'Zend', 0, 1),
(4135, 69, 'Socket.IO', 0, 1),
(4136, 69, 'HAML', 0, 2),
(4137, 69, 'ContinuousDeployment', 0, 1),
(4138, 69, 'ASP.NetWebAPI', 0, 1),
(4139, 69, 'Wicket', 0, 1),
(4140, 69, 'JSF', 0, 1),
(4141, 69, 'M2M', 0, 1),
(4142, 69, 'RxJava', 0, 1),
(4143, 69, 'Bower', 0, 3),
(4144, 69, 'ResponsiveDesign', 0, 1),
(4145, 69, 'ApacheKafka', 0, 2),
(4146, 69, 'Atlassian', 0, 5),
(4147, 69, 'Protractor', 0, 1),
(4148, 69, 'Grails', 0, 1),
(4149, 69, 'Groovy', 0, 3),
(4150, 69, 'Backbone', 0, 3),
(4151, 69, 'WebForms', 0, 2),
(4152, 69, 'LampStack', 0, 1),
(4153, 69, 'XHTML', 0, 1),
(4154, 69, 'GoogleAnalytics', 0, 2),
(4155, 69, 'DataAnalytic', 0, 1),
(4156, 69, 'ReactNative', 0, 3),
(4157, 69, 'Sitecore', 0, 1),
(4158, 69, 'Resin', 0, 18),
(4159, 69, 'Polymer', 0, 6),
(4160, 69, 'Qt', 0, 1),
(4161, 69, 'WPF', 0, 1),
(4162, 69, 'WebSphere', 0, 3),
(4163, 69, 'JVM', 0, 3),
(4164, 69, 'Mesos', 0, 5),
(4165, 69, 'Eclipse', 0, 7),
(4166, 69, 'Couchbase', 0, 2),
(4167, 69, 'VPN', 0, 2),
(4168, 69, 'RDS', 0, 1),
(4169, 69, 'SDN', 0, 2),
(4170, 69, 'BDD', 0, 1),
(4171, 69, 'Mockito', 0, 1),
(4172, 69, 'BPM', 0, 4),
(4173, 69, 'OSPF', 0, 1),
(4174, 69, 'SOA', 0, 5),
(4175, 69, 'CICS', 0, 1),
(4176, 69, 'Postgres', 0, 2),
(4177, 69, 'CoreOS', 0, 4),
(4178, 69, 'Hudson', 0, 1),
(4179, 69, 'Clojure', 0, 1),
(4180, 69, 'Gradle', 0, 2),
(4181, 69, 'Cryptography', 0, 1),
(4182, 69, 'JADE', 0, 1),
(4183, 69, 'TwitterBootstrap', 0, 1),
(4184, 69, 'TCL', 0, 1),
(4185, 69, 'Cisco', 0, 1),
(4186, 69, 'CUDA', 0, 2),
(4187, 69, 'Wave', 0, 1),
(4188, 69, 'ImageProcessing', 0, 11),
(4189, 69, 'SciPy', 4, 22),
(4190, 69, 'OpenCV', 0, 5),
(4191, 69, 'DataAnalysis', 0, 9),
(4192, 69, 'ComplexEventProcessing', 0, 2),
(4193, 69, 'TTS', 0, 3),
(4194, 69, 'WebAnalytics', 0, 6),
(4195, 69, 'OLAP', 0, 7),
(4196, 69, 'FinTech', 15, 54),
(4197, 69, 'IonicFramework', 0, 1),
(4198, 69, 'Wordpress', 0, 1),
(4199, 69, 'DirectX', 0, 1),
(4200, 69, 'SystemAnalysis', 0, 1),
(4201, 69, 'ROS', 0, 4),
(4202, 69, 'SIEM', 0, 1),
(4203, 69, 'VBA', 0, 4),
(4204, 69, 'Golang', 0, 2),
(4205, 69, 'S3', 0, 2),
(4206, 69, 'Swift', 0, 1),
(4207, 69, 'Boost', 0, 2),
(4208, 69, 'Bioinformatics', 0, 11),
(4209, 69, 'WebFrontend', 0, 2),
(4210, 69, 'AEM', 0, 2),
(4211, 69, 'SSIS', 0, 1),
(4212, 69, 'SSRS', 0, 4),
(4213, 69, 'UnitTesting', 16, 12),
(4214, 69, 'Wireless', 0, 1),
(4215, 69, 'STL', 0, 1),
(4216, 69, 'DataModeling', 0, 3),
(4217, 69, 'iPython', 0, 1),
(4218, 69, 'Pandas', 4, 13),
(4219, 69, 'Math', 14, 22),
(4220, 69, 'RiskManagement', 0, 4),
(4221, 69, 'Stata', 0, 1),
(4222, 69, 'ArcGIS', 0, 4),
(4223, 69, 'Java8', 0, 1),
(4224, 69, 'LinearAlgebra', 0, 1),
(4225, 69, 'GPU', 0, 1),
(4226, 69, 'OSGi', 0, 1),
(4227, 69, 'CloudHosting', 0, 1),
(4228, 69, 'ResponsiveWebDesign', 0, 1),
(4229, 69, 'Flux', 0, 5),
(4230, 69, 'ScriptingLanguage', 0, 1),
(4231, 69, 'JavaJ2EE', 0, 1),
(4232, 69, 'C+', 0, 3),
(4233, 69, 'AlgorithmicTrading', 0, 5),
(4234, 69, 'Sed', 0, 1),
(4235, 69, 'ExcelVBA', 0, 1);

-- --------------------------------------------------------

--
-- 表的结构 `skill_connection`
--

CREATE TABLE `skill_connection` (
  `id` int(11) NOT NULL,
  `statistics_id` int(11) DEFAULT NULL,
  `skill1_id` int(11) DEFAULT NULL,
  `skill2_id` int(11) DEFAULT NULL,
  `strength` double NOT NULL,
  `co_occurrence` int(11) NOT NULL DEFAULT '1'
) ENGINE=InnoDB DEFAULT CHARSET=utf8;

--
-- 转存表中的数据 `skill_connection`
--

INSERT INTO `skill_connection` (`id`, `statistics_id`, `skill1_id`, `skill2_id`, `strength`, `co_occurrence`) VALUES
(1899, 60, 1456, 1457, 0.4909091, 9),
(1900, 60, 1476, 1496, 0.445987642, 17),
(1901, 60, 1529, 1496, 0.181481481, 21),
(1902, 60, 1483, 1476, 0.752083361, 19),
(1903, 60, 1533, 1483, 0.699999988, 14),
(1904, 60, 1533, 1534, 0.608695626, 14),
(1905, 60, 1529, 1492, 0.079012349, 8),
(1906, 60, 1533, 1496, 0.380952388, 12),
(1907, 60, 1534, 1496, 0.521739125, 18),
(1908, 60, 1483, 1496, 0.362962961, 14),
(1909, 60, 1536, 1496, 0.483950615, 14),
(1910, 60, 1533, 1537, 0.571428597, 12),
(1911, 60, 1533, 1536, 0.576190472, 11),
(1912, 60, 1529, 1493, 0.071111113, 8),
(1913, 60, 1561, 1560, 0.916666687, 22),
(1914, 60, 1559, 1561, 0.727272749, 16),
(1915, 60, 1505, 1561, 0.956521749, 22),
(1916, 60, 1562, 1559, 0.5, 8),
(1917, 61, 1590, 1586, 0.49494949, 7),
(1918, 61, 1631, 1632, 0.362962961, 7),
(1919, 61, 1630, 1631, 0.777777791, 7),
(1920, 61, 1637, 1609, 0.375, 6),
(1921, 61, 1640, 1590, 0.555555582, 5),
(1922, 61, 1669, 1602, 0.223214284, 5),
(1923, 61, 1678, 1638, 0.15126051, 6),
(1924, 61, 1678, 1680, 0.352941185, 12),
(1925, 61, 1679, 1680, 0.453703701, 7),
(1926, 61, 1678, 1679, 0.264705896, 9),
(1927, 61, 1678, 1601, 0.206801474, 15),
(1928, 61, 1680, 1685, 0.484848499, 8),
(1929, 61, 1689, 1632, 0.333333343, 5),
(1930, 61, 1689, 1685, 0.454545468, 5),
(1931, 61, 1637, 1632, 0.300000012, 6),
(1932, 61, 1679, 1637, 0.347222209, 5),
(1933, 61, 1718, 1608, 0.492307693, 8),
(1934, 61, 1718, 1719, 0.714285731, 10),
(1935, 61, 1718, 1589, 0.714285731, 10),
(1936, 61, 1718, 1714, 0.400000006, 8),
(1937, 61, 1714, 1595, 0.285714298, 8),
(1938, 62, 1738, 1737, 0.097462513, 13),
(1939, 62, 1740, 1737, 0.389273345, 15),
(1940, 62, 1749, 1756, 0.097590365, 9),
(1941, 62, 1748, 1758, 0.066701405, 16),
(1942, 62, 1768, 1748, 0.068710484, 24),
(1943, 62, 1771, 1756, 0.0559658, 12),
(1944, 62, 1772, 1756, 0.053568117, 17),
(1945, 62, 1771, 1750, 0.08976157, 8),
(1946, 62, 1774, 1743, 0.027444255, 8),
(1947, 62, 1772, 1748, 0.067174412, 21),
(1948, 62, 1774, 1748, 0.065031506, 17),
(1949, 62, 1774, 1772, 0.042307694, 11),
(1950, 62, 1783, 1748, 0.092821784, 15),
(1951, 62, 1784, 1748, 0.0796794, 13),
(1952, 62, 1764, 1783, 0.166666672, 10),
(1953, 62, 1784, 1783, 0.388888896, 14),
(1954, 62, 1768, 1783, 0.221385539, 21),
(1955, 62, 1746, 1780, 0.274725288, 15),
(1956, 62, 1751, 1771, 0.421505362, 14),
(1957, 62, 1751, 1801, 0.704166651, 13),
(1958, 62, 1810, 1772, 0.064102568, 10),
(1959, 62, 1738, 1772, 0.348717958, 34),
(1960, 62, 1823, 1743, 0.109777018, 8),
(1961, 62, 1826, 1743, 0.117561683, 9),
(1962, 62, 1861, 1772, 0.227920234, 20),
(1963, 62, 1783, 1799, 0.355072469, 14),
(1964, 62, 1878, 1783, 0.416666657, 10),
(1965, 62, 1906, 1772, 0.061538462, 8),
(1966, 62, 1907, 1772, 0.10940171, 8),
(1967, 62, 1906, 1737, 0.117647059, 8),
(1968, 62, 1810, 1836, 0.561403513, 16),
(1969, 62, 1906, 1752, 0.142857149, 8),
(1970, 62, 1906, 1810, 0.510416687, 14),
(1971, 62, 1780, 1756, 0.046471599, 9),
(1972, 62, 1780, 1743, 0.057502247, 8),
(1973, 62, 1912, 1772, 0.118343197, 10),
(1974, 62, 1912, 1861, 0.284900278, 10),
(1975, 62, 1912, 1894, 0.481605351, 12),
(1976, 62, 1916, 1808, 0.413223147, 10),
(1977, 62, 1916, 1861, 0.33670035, 10),
(1978, 62, 1916, 1738, 0.178253114, 10),
(1979, 62, 1874, 1756, 0.086746991, 12),
(1980, 62, 1874, 1772, 0.150769234, 14),
(1981, 62, 1738, 1874, 0.141176477, 12),
(1982, 67, 3104, 3101, 0.025041301, 24),
(1983, 67, 3106, 3101, 0.017074324, 17),
(1984, 67, 3127, 3101, 0.042355653, 50),
(1985, 67, 3129, 3101, 0.015308014, 17),
(1986, 67, 3104, 3127, 0.050083242, 38),
(1987, 67, 3129, 3127, 0.064274848, 39),
(1988, 67, 3133, 3104, 0.230626687, 37),
(1989, 67, 3135, 3130, 0.199457258, 21),
(1990, 67, 3138, 3130, 0.408293456, 16),
(1991, 67, 3130, 3140, 0.153409094, 18),
(1992, 67, 3103, 3127, 0.019737924, 31),
(1993, 67, 3104, 3140, 0.053213444, 19),
(1994, 67, 3150, 3164, 0.089064822, 30),
(1995, 67, 3167, 3116, 0.028236469, 31),
(1996, 67, 3172, 3175, 0.043304842, 38),
(1997, 67, 3174, 3175, 0.054420486, 34),
(1998, 67, 3168, 3174, 0.222662047, 30),
(1999, 67, 3172, 3174, 0.341860473, 63),
(2000, 67, 3177, 3132, 0.02677686, 18),
(2001, 67, 3172, 3132, 0.042814814, 17),
(2002, 67, 3186, 3116, 0.087102331, 31),
(2003, 67, 3187, 3186, 0.384180784, 34),
(2004, 67, 3129, 3133, 0.108579636, 23),
(2005, 67, 3193, 3116, 0.015686275, 22),
(2006, 67, 3150, 3101, 0.074611507, 59),
(2007, 67, 3149, 3101, 0.020178746, 17),
(2008, 67, 3202, 3149, 0.301247776, 26),
(2009, 67, 3163, 3101, 0.033410139, 29),
(2010, 67, 3177, 3175, 0.636146128, 195),
(2011, 67, 3177, 3174, 0.046175282, 31),
(2012, 67, 3206, 3177, 0.377477318, 97),
(2013, 67, 3170, 3177, 0.168150038, 46),
(2014, 67, 3177, 3124, 0.189827561, 61),
(2015, 67, 3207, 3177, 0.2107438, 51),
(2016, 67, 3209, 3177, 0.133726045, 39),
(2017, 67, 3174, 3213, 0.089700997, 18),
(2018, 67, 3153, 3174, 0.096662521, 33),
(2019, 67, 3177, 3153, 0.045549177, 38),
(2020, 67, 3220, 3177, 0.082074665, 24),
(2021, 67, 3226, 3132, 0.240833327, 17),
(2022, 67, 3175, 3132, 0.039190285, 22),
(2023, 67, 3226, 3175, 0.037955467, 15),
(2024, 67, 3228, 3177, 0.0546913, 15),
(2025, 67, 3150, 3125, 0.031334151, 16),
(2026, 67, 3105, 3125, 0.081110314, 15),
(2027, 67, 3150, 3105, 0.046447914, 27),
(2028, 67, 3213, 3182, 0.092364535, 15),
(2029, 67, 3118, 3103, 0.050418995, 19),
(2030, 67, 3250, 3101, 0.025611484, 17),
(2031, 67, 3250, 3106, 0.142011836, 24),
(2032, 67, 3155, 3213, 0.083496414, 16),
(2033, 67, 3142, 3104, 0.26469785, 44),
(2034, 67, 3184, 3133, 0.073051944, 45),
(2035, 67, 3142, 3133, 0.125258803, 22),
(2036, 67, 3142, 3129, 0.266533405, 40),
(2037, 67, 3184, 3142, 0.131430238, 67),
(2038, 67, 3150, 3155, 0.014335776, 15),
(2039, 67, 3150, 3169, 0.078608133, 95),
(2040, 67, 3289, 3262, 0.374007136, 57),
(2041, 67, 3289, 3121, 0.14009963, 15),
(2042, 67, 3289, 3122, 0.619284809, 59),
(2043, 67, 3286, 3289, 0.350684941, 32),
(2044, 67, 3289, 3290, 0.037348151, 17),
(2045, 67, 3289, 3229, 0.250045657, 37),
(2046, 67, 3289, 3245, 0.045709666, 31),
(2047, 67, 3169, 3245, 0.02747217, 65),
(2048, 67, 3103, 3245, 0.029504189, 39),
(2049, 67, 3203, 3103, 0.060714662, 24),
(2050, 67, 3169, 3105, 0.010261146, 20),
(2051, 67, 3289, 3101, 0.014203649, 15),
(2052, 67, 3193, 3245, 0.012121212, 24),
(2053, 67, 3164, 3101, 0.047455631, 22),
(2054, 67, 3164, 3290, 0.065034121, 18),
(2055, 67, 3193, 3169, 0.006537283, 24),
(2056, 67, 3184, 3163, 0.015673982, 30),
(2057, 67, 3142, 3202, 0.153878942, 19),
(2058, 67, 3163, 3245, 0.015834531, 23),
(2059, 67, 3345, 3184, 0.025384277, 17),
(2060, 67, 3345, 3257, 0.212665409, 15),
(2061, 67, 3296, 3257, 0.11822179, 22),
(2062, 67, 3296, 3167, 0.020002469, 18),
(2063, 67, 3193, 3167, 0.00962371, 17),
(2064, 67, 3193, 3322, 0.223131314, 47),
(2065, 67, 3322, 3169, 0.010112359, 18),
(2066, 67, 3403, 3103, 0.052374303, 15),
(2067, 67, 3403, 3153, 0.071564883, 15),
(2068, 67, 3298, 3103, 0.048130639, 28),
(2069, 67, 3298, 3106, 0.036066499, 16),
(2070, 67, 3268, 3106, 0.142697886, 16),
(2071, 67, 3298, 3149, 0.048118547, 17),
(2183, 69, 3852, 3853, 0.044457808, 62),
(2184, 69, 3862, 3864, 0.031304348, 18),
(2185, 69, 3866, 3857, 0.028859604, 56),
(2186, 69, 3870, 3873, 0.12549293, 125),
(2187, 69, 3866, 3878, 0.019473726, 22),
(2188, 69, 3876, 3854, 0.083583385, 62),
(2189, 69, 3876, 3856, 0.040760916, 136),
(2190, 69, 3890, 3891, 0.055172414, 20),
(2191, 69, 3880, 3890, 0.045977011, 8),
(2192, 69, 3896, 3881, 0.21288982, 64),
(2193, 69, 3870, 3856, 0.159153581, 276),
(2194, 69, 3870, 3876, 0.075286187, 144),
(2195, 69, 3894, 3890, 0.05203202, 13),
(2196, 69, 3896, 3890, 0.070159152, 23),
(2197, 69, 3894, 3895, 0.200274721, 27),
(2198, 69, 3859, 3856, 0.031719219, 65),
(2199, 69, 3900, 3901, 0.116959065, 10),
(2200, 69, 3900, 3889, 0.138443932, 11),
(2201, 69, 3890, 3868, 0.045212105, 27),
(2202, 69, 3862, 3870, 0.022599554, 41),
(2203, 69, 3902, 3914, 0.065414198, 31),
(2204, 69, 3881, 3853, 0.047297299, 56),
(2205, 69, 3924, 3881, 0.281531543, 50),
(2206, 69, 3895, 3924, 0.452307701, 42),
(2207, 69, 3925, 3856, 0.043184489, 42),
(2208, 69, 3870, 3925, 0.064531744, 40),
(2209, 69, 3862, 3876, 0.027453983, 44),
(2210, 69, 3937, 3874, 0.340828389, 24),
(2211, 69, 3937, 3891, 0.078769229, 16),
(2212, 69, 3937, 3855, 0.097594038, 24),
(2213, 69, 3937, 3894, 0.395604402, 24),
(2214, 69, 3937, 3929, 0.252465487, 16),
(2215, 69, 3862, 3878, 0.010195483, 11),
(2216, 69, 3950, 3951, 0.108225107, 10),
(2217, 69, 3950, 3914, 0.057781201, 15),
(2218, 69, 3878, 3873, 0.034027986, 26),
(2219, 69, 3962, 3857, 0.030775076, 18),
(2220, 69, 3965, 3966, 0.382352948, 52),
(2221, 69, 3973, 3887, 0.09682247, 58),
(2222, 69, 3977, 3887, 0.08205466, 37),
(2223, 69, 3970, 3978, 0.148897052, 18),
(2224, 69, 3973, 3977, 0.413391858, 90),
(2225, 69, 3967, 3970, 0.439453125, 15),
(2226, 69, 3979, 3901, 0.247342989, 16),
(2227, 69, 3912, 3857, 0.061217286, 51),
(2228, 69, 3983, 3869, 0.037037037, 8),
(2229, 69, 3983, 3984, 0.07272727, 12),
(2230, 69, 3989, 3915, 0.245934963, 77),
(2231, 69, 3912, 3915, 0.200787827, 61),
(2232, 69, 3986, 3915, 0.246642917, 60),
(2233, 69, 3991, 3986, 0.338646472, 36),
(2234, 69, 3988, 3912, 0.071681418, 9),
(2235, 69, 3941, 3912, 0.123601742, 92),
(2236, 69, 3989, 3912, 0.224008188, 61),
(2237, 69, 3990, 3912, 0.14159292, 32),
(2238, 69, 3941, 3989, 0.232774302, 144),
(2239, 69, 3992, 3993, 0.162433162, 27),
(2240, 69, 3993, 3860, 0.162999272, 67),
(2241, 69, 3915, 3857, 0.052688766, 57),
(2242, 69, 4008, 3887, 0.3688021, 82),
(2243, 69, 4007, 4008, 0.132895812, 18),
(2244, 69, 3955, 4008, 0.122264154, 18),
(2245, 69, 4009, 4008, 0.122641511, 13),
(2246, 69, 3968, 4008, 0.393081754, 50),
(2247, 69, 3869, 4013, 0.117361113, 13),
(2248, 69, 3973, 4017, 0.155143484, 43),
(2249, 69, 4015, 3977, 0.260553449, 49),
(2250, 69, 4016, 3977, 0.069676504, 14),
(2251, 69, 4015, 3973, 0.135539338, 51),
(2252, 69, 3980, 3885, 0.056249999, 9),
(2253, 69, 3882, 3914, 0.03381205, 28),
(2254, 69, 3882, 3887, 0.060758032, 37),
(2255, 69, 3973, 3882, 0.229914591, 78),
(2256, 69, 3970, 3889, 0.067934781, 10),
(2257, 69, 3979, 4017, 0.059690494, 9),
(2258, 69, 3885, 3977, 0.103092782, 30),
(2259, 69, 3882, 3885, 0.086853266, 32),
(2260, 69, 3973, 3885, 0.254345447, 68),
(2261, 69, 4038, 4016, 0.18965517, 11),
(2262, 69, 4048, 4044, 0.085910656, 10),
(2263, 69, 4049, 4044, 0.091698319, 13),
(2264, 69, 3996, 4044, 0.122861087, 34),
(2265, 69, 4039, 3896, 0.10940171, 16),
(2266, 69, 3894, 4039, 0.120039679, 11),
(2267, 69, 3894, 3924, 0.144047618, 22),
(2268, 69, 3900, 3853, 0.007518797, 8),
(2269, 69, 3908, 4039, 0.25252524, 10),
(2270, 69, 3870, 3878, 0.024938516, 34),
(2271, 69, 3890, 4044, 0.025595449, 12),
(2272, 69, 3859, 3872, 0.011380471, 13),
(2273, 69, 3859, 3925, 0.009275362, 8),
(2274, 69, 3859, 3867, 0.020769231, 9),
(2275, 69, 4031, 3873, 0.036940835, 16),
(2276, 69, 3929, 3859, 0.03846154, 15),
(2277, 69, 3854, 3879, 0.029239766, 10),
(2278, 69, 4092, 3868, 0.033480909, 11),
(2279, 69, 4092, 4089, 0.479289949, 9),
(2280, 69, 4095, 3868, 0.065616474, 23),
(2281, 69, 3983, 3915, 0.097560972, 24),
(2282, 69, 3989, 3966, 0.276360542, 65),
(2283, 69, 4085, 3912, 0.095575221, 18),
(2284, 69, 3984, 3990, 0.19204545, 26),
(2285, 69, 4017, 3978, 0.099700898, 20),
(2286, 69, 3992, 3989, 0.044681508, 17),
(2287, 69, 3989, 3857, 0.050821394, 53),
(2288, 69, 3978, 4018, 0.236111104, 17),
(2289, 69, 3936, 3915, 0.054200541, 20),
(2290, 69, 3983, 3936, 0.104320988, 13),
(2291, 69, 3935, 3857, 0.015957447, 24),
(2292, 69, 3935, 3909, 0.029094828, 9),
(2293, 69, 3936, 4095, 0.092720307, 11),
(2294, 69, 4097, 4095, 0.232758626, 9),
(2295, 69, 4189, 3870, 0.037190083, 21),
(2296, 69, 3983, 3922, 0.086956523, 12),
(2297, 69, 3983, 4001, 0.050000001, 12),
(2298, 69, 4066, 3873, 0.060966812, 26),
(2299, 69, 3940, 3925, 0.063938618, 10),
(2300, 69, 4031, 4066, 0.200694442, 17),
(2301, 69, 4213, 3935, 0.105034724, 11),
(2302, 69, 4189, 4218, 0.423076928, 11),
(2303, 69, 3906, 4189, 0.344497621, 12),
(2304, 69, 4219, 3862, 0.055665348, 13),
(2305, 69, 4219, 4001, 0.056818184, 10),
(2306, 69, 3876, 3871, 0.020590488, 22),
(2307, 69, 4015, 3861, 0.01034245, 15),
(2308, 69, 3993, 3861, 0.061820362, 38),
(2309, 69, 3883, 3993, 0.261222899, 45),
(2310, 69, 4196, 3871, 0.025764896, 8),
(2311, 69, 4111, 4196, 0.115912206, 13),
(2312, 69, 4031, 3951, 0.114285715, 12);

-- --------------------------------------------------------

--
-- 表的结构 `statistics`
--

CREATE TABLE `statistics` (
  `id` int(11) NOT NULL,
  `from_date` date DEFAULT NULL,
  `to_date` date NOT NULL,
  `cooccurrence` int(11) NOT NULL DEFAULT '0',
  `pass1link` int(11) NOT NULL,
  `pass2link` int(11) NOT NULL,
  `country` varchar(64) NOT NULL,
  `enabled` int(255) DEFAULT NULL
) ENGINE=InnoDB DEFAULT CHARSET=utf8;

--
-- 转存表中的数据 `statistics`
--

INSERT INTO `statistics` (`id`, `from_date`, `to_date`, `cooccurrence`, `pass1link`, `pass2link`, `country`, `enabled`) VALUES
(60, '2016-10-01', '2016-12-01', 8, 5, 8, 'Uk', 1),
(61, '2017-01-01', '2017-03-01', 5, 5, 8, 'Uk', 1),
(62, '2017-04-01', '2017-06-01', 8, 5, 8, 'Uk', 1),
(67, '2017-07-01', '2017-09-01', 15, 8, 12, 'Uk', 1),
(69, '2017-10-01', '2017-12-01', 8, 5, 8, 'Uk', 1);

--
-- Indexes for dumped tables
--

--
-- Indexes for table `skill`
--
ALTER TABLE `skill`
  ADD PRIMARY KEY (`id`),
  ADD KEY `statistics_id` (`statistics_id`);

--
-- Indexes for table `skill_connection`
--
ALTER TABLE `skill_connection`
  ADD PRIMARY KEY (`id`),
  ADD KEY `skill1_id` (`skill1_id`),
  ADD KEY `skill2_id` (`skill2_id`),
  ADD KEY `statistics_id` (`statistics_id`);

--
-- Indexes for table `statistics`
--
ALTER TABLE `statistics`
  ADD PRIMARY KEY (`id`);

--
-- 在导出的表使用AUTO_INCREMENT
--

--
-- 使用表AUTO_INCREMENT `skill`
--
ALTER TABLE `skill`
  MODIFY `id` int(11) NOT NULL AUTO_INCREMENT, AUTO_INCREMENT=4236;
--
-- 使用表AUTO_INCREMENT `skill_connection`
--
ALTER TABLE `skill_connection`
  MODIFY `id` int(11) NOT NULL AUTO_INCREMENT, AUTO_INCREMENT=2313;
--
-- 使用表AUTO_INCREMENT `statistics`
--
ALTER TABLE `statistics`
  MODIFY `id` int(11) NOT NULL AUTO_INCREMENT, AUTO_INCREMENT=70;
--
-- 限制导出的表
--

--
-- 限制表 `skill`
--
ALTER TABLE `skill`
  ADD CONSTRAINT `skill_ibfk_1` FOREIGN KEY (`statistics_id`) REFERENCES `statistics` (`id`) ON DELETE CASCADE ON UPDATE CASCADE;

--
-- 限制表 `skill_connection`
--
ALTER TABLE `skill_connection`
  ADD CONSTRAINT `skill_connection_ibfk_1` FOREIGN KEY (`skill1_id`) REFERENCES `skill` (`id`) ON DELETE CASCADE ON UPDATE CASCADE,
  ADD CONSTRAINT `skill_connection_ibfk_2` FOREIGN KEY (`skill2_id`) REFERENCES `skill` (`id`) ON DELETE CASCADE ON UPDATE CASCADE,
  ADD CONSTRAINT `skill_connection_ibfk_3` FOREIGN KEY (`statistics_id`) REFERENCES `statistics` (`id`) ON DELETE CASCADE ON UPDATE CASCADE;

/*!40101 SET CHARACTER_SET_CLIENT=@OLD_CHARACTER_SET_CLIENT */;
/*!40101 SET CHARACTER_SET_RESULTS=@OLD_CHARACTER_SET_RESULTS */;
/*!40101 SET COLLATION_CONNECTION=@OLD_COLLATION_CONNECTION */;
